Nifty IT,Nifty Media,Nifty Private Bank,Nifty Realty,Nifty CPSE,Nifty REITs & InvITs,Nifty PSU Bank,Nifty Bank,Nifty Auto,Nifty FMCG,Nifty Metal,Nifty Consumer Durables,Nifty Oil and Gas,Nifty Capital Markets,Nifty Midcap Liquid 15,Nifty100 Liquid 15,Nifty Cement,Nifty India Railways PSU,Nifty India Tourism,Nifty50 Shariah,Nifty India Defence,Nifty Chemicals,Nifty Financial Services,Nifty Financial Services 25/50,Nifty Healthcare,Nifty Pharma,Nifty MidSmall IT & Telecom,Nifty PSE,Nifty India Internet,Nifty Shariah 25,Nifty Financial Services Ex Bank,Nifty MidSmall Healthcare,Nifty Commodities,Nifty India Consumption,Nifty India Digital,Nifty Infrastructure,Nifty MidSmall India Consumption,Nifty MNC,Nifty Mobility,Nifty Non-Cyclical Consumer,Nifty Services Sector,Nifty Transportation & Logistics,Nifty MidSmall Financial Services,Nifty Core Housing,Nifty EV & New Age Automotive,Nifty India Select 5 Corporate Groups (MAATR),Nifty Waves,Nifty Energy,Nifty500 Healthcare,Nifty Conglomerate 50,Nifty Housing,Nifty100 ESG Sector Leaders,Nifty India Manufacturing,Nifty India New Age Consumption,Nifty500 Multicap India Manufacturing 50:30:20,Nifty500 Multicap Infrastructure 50:30:20,Nifty Rural,Nifty100 Enhanced ESG,Nifty100 ESG,Nifty India Infrastructure & Logistics,Nifty IPO,Nifty500 Shariah,Nifty SME Emerge,OTHERS
COFORGE,PVRINOX,HDFCBANK,DLF,SJVN,CAPINVIT,BANKBARODA,HDFCBANK,BOSCHLTD,VBL,TATASTEEL,CENTURYPLY,PETRONET,MCX,COFORGE,TATASTEEL,NUVOCO,CONCOR,SAPPHIRE,CIPLA,UNIMECH,HSCL,HDFCBANK,HDFCBANK,CIPLA,CIPLA,HFCL,CONCOR,CARTRADE,CIPLA,MCX,COHANCE,COALINDIA,TATAPOWER,CYIENT,BHARATFORG,VOLTAS,BOSCHLTD,CONCOR,VOLTAS,HDFCBANK,CONCOR,MCX,VOLTAS,BOSCHLTD,ALOKINDS,RADAAN,SJVN,CIPLA,KEC,HDFCBANK,CIPLA,CIPLA,SAPPHIRE,CIPLA,CONCOR,SBICARD,CIPLA,CIPLA,CONCOR,EUROPRATIK,CIPLA,SHANTHALA,MIDCPNIFTY
OFSS,NETWORK18,AXISBANK,SIGNATURE,COALINDIA,PGINVIT,CENTRALBK,AUBANK,UNOMINDA,NESTLEIND,HINDZINC,VOLTAS,GAIL,ANGELONE,INDUSTOWER,POWERGRID,AMBUJACEM,RVNL,DEVYANI,NESTLEIND,BHARATFORG,NAVINFLUOR,SBICARD,SBICARD,MANKIND,MANKIND,ZENSARTECH,COALINDIA,ANGELONE,COFORGE,SBICARD,MANKIND,AMBUJACEM,DLF,COFORGE,AMBUJACEM,MANKIND,AMBUJACEM,BOSCHLTD,VBL,TATAPOWER,BOSCHLTD,SBICARD,AMBUJACEM,UNOMINDA,VOLTAS,NEXTMEDIA,RPOWER,INDGN,ALOKINDS,VOLTAS,HDFCBANK,VOLTAS,VOLTAS,VOLTAS,RPOWER,VOLTAS,HDFCBANK,HDFCBANK,SJVN,EMMVEE,KEC,SAAKSHI,NIFTY
INFY,NAZARA,IDFCFIRSTB,GODREJPROP,POWERGRID,EMBASSY,PNB,AXISBANK,BHARATFORG,MARICO,HINDALCO,BATAINDIA,CASTROLIND,CAMS,IDFCFIRSTB,KOTAKBANK,JSWCEMENT,IRCON,INDHOTEL,HINDALCO,COCHINSHIP,DEEPAKFERT,AXISBANK,AXISBANK,TORNTPHARM,TORNTPHARM,CYIENT,RVNL,JUSTDIAL,TIINDIA,ANGELONE,NATCOPHARM,ADANIENSOL,VBL,KPITTECH,TATAPOWER,MARICO,COHANCE,BHARATFORG,INDHOTEL,AXISBANK,UNOMINDA,AUBANK,DLF,BHARATFORG,AMBUJACEM,CINEVISTA,COALINDIA,COHANCE,AMBUJACEM,RVNL,BOSCHLTD,BOSCHLTD,WELSPUNLIV,BATAINDIA,KEC,AMBUJACEM,BOSCHLTD,BOSCHLTD,RPOWER,UNIMECH,BLUEDART,QUESTLAB,BANKNIFTY
LTM,SUNTV,KOTAKBANK,SOBHA,COCHINSHIP,INDIGRID,IOB,BANKBARODA,TIINDIA,COLPAL,APLAPOLLO,TITAN,GUJGASLTD,KFINTECH,HDFCAMC,BHARTIARTL,STARCEMENT,BHEL,DBREALTY,INFY,ZENTEC,COROMANDEL,CHOLAFIN,CHOLAFIN,SYNGENE,AUROPHARMA,COFORGE,BHEL,NAUKRI,NESTLEIND,CAMS,NH,TATAPOWER,INDHOTEL,OFSS,DLF,PAGEIND,NESTLEIND,PETRONET,TITAN,POWERGRID,BHARATFORG,ANGELONE,ASIANPAINT,TIINDIA,ADANIENSOL,PVRINOX,ADANIENSOL,JUBLPHARMA,ZENSARTECH,AMBUJACEM,AMBUJACEM,UNOMINDA,BATAINDIA,BHARATFORG,RVNL,TATAPOWER,AMBUJACEM,AMBUJACEM,KEC,ELLEN,RCF,VIVO,NIFTYNXT50
HCLTECH,TIPSMUSIC,INDUSINDBK,ANANTRAJ,NHPC,BIRET,SBIN,IDFCFIRSTB,EICHERMOT,UNITDSPR,JSWSTEEL,VGUARD,AEGISLOG,ABSLAMC,GODREJPROP,INDIGO,INDIACEM,ITI,THELEELA,ASIANPAINT,CYIENTDLM,AARTIIND,ICICIPRULI,ICICIPRULI,AUROPHARMA,BIOCON,KPITTECH,POWERGRID,CCAVENUE,GAIL,MFSL,MEDANTA,TATASTEEL,ADANIPOWER,NAUKRI,INDHOTEL,COLPAL,OFSS,BALKRISIND,NESTLEIND,GAIL,DELHIVERY,CAMS,SAMMAANCAP,KPITTECH,TATAPOWER,BAGFILMS,TATAPOWER,MANKIND,FSL,ADANIENSOL,ADANIENSOL,BHARATFORG,ABLBL,COHANCE,UNOMINDA,ELGIEQUIP,ADANIENSOL,ADANIENSOL,BLUEDART,LOTUSDEV,NUVOCO,DURLAX,FINNIFTY
WIPRO,DBCORP,ICICIBANK,BRIGADE,NTPC,INDUSINVIT,BANKINDIA,KOTAKBANK,M&M,UBL,JSL,KALYANKJIL,BPCL,CDSL,INDUSINDBK,SHRIRAMFIN,JKCEMENT,NTPC,VENTIVE,HCLTECH,DYNAMATECH,DEEPAKNTR,KOTAKBANK,KOTAKBANK,BIOCON,PPLPHARMA,INDUSTOWER,GAIL,THOMASCOOK,LTM,CHOLAFIN,SYNGENE,ADANIPOWER,EICHERMOT,TATATECH,INDUSTOWER,KALYANKJIL,POWERINDIA,TIINDIA,MARICO,NAUKRI,BALKRISIND,MFSL,KEI,EICHERMOT,ABLBL,DGCONTENT,BHEL,ERIS,TATASTEEL,TATAPOWER,TATAPOWER,BHEL,DLF,BHEL,BHARATFORG,MFSL,TATAPOWER,TATAPOWER,RVNL,TATACAP,VOLTAS,VOLERCAR,
MPHASIS,ZEEL,FEDERALBNK,PRESTIGE,NLCINDIA,IRBINVIT,PSB,PNB,EXIDEIND,TATACONSUM,NMDC,AMBER,MGL,UTIAMC,DIXON,ETERNAL,PRSMJOHNSN,MRPL,GMRAIRPORT,TRENT,PARAS,PIIND,SHRIRAMFIN,SHRIRAMFIN,PPLPHARMA,LAURUSLABS,OFSS,NHPC,ETERNAL,ASIANPAINT,ICICIPRULI,KIMS,HINDALCO,TITAN,BHARTIARTL,POWERGRID,GODREJPROP,CASTROLIND,EICHERMOT,PAGEIND,KOTAKBANK,TIINDIA,IDFCFIRSTB,GODREJPROP,HSCL,TATASTEEL,NDTV,PETRONET,NATCOPHARM,TIINDIA,PETRONET,DLF,BALKRISIND,PVRINOX,ELGIEQUIP,HFCL,ADANIPOWER,DLF,DLF,AMBUJACEM,QPOWER,RVNL,WOMANCART,
TECHM,PFOCUS,RBLBANK,PHOENIXLTD,NBCC,KRT,MAHABANK,INDUSINDBK,ASHOKLEY,HINDUNILVR,WELCORP,CERA,HINDPETRO,HDFCAMC,CUMMINSIND,BAJFINANCE,DALBHARAT,IRFC,INDIGO,SUNPHARMA,BEML,UPL,MUTHOOTFIN,MUTHOOTFIN,LAURUSLABS,SUNPHARMA,TATATECH,NTPC,PAYTM,CGPOWER,SHRIRAMFIN,AUROPHARMA,NHPC,NESTLEIND,INFY,GAIL,TORNTPOWER,COLPAL,GMRAIRPORT,NAUKRI,BHARTIARTL,EICHERMOT,ICICIPRULI,AMBER,M&M,TEJASNET,CYBERMEDIA,ADANIPOWER,APLLTD,ADANIPOWER,DLF,TATASTEEL,TATASTEEL,DEVYANI,TATASTEEL,TATAPOWER,EICHERMOT,VBL,VBL,ADANIENSOL,STUDDS,UNOMINDA,PRIMECAB,
TCS,HATHWAY,YESBANK,OBEROIRLTY,BEL,NXST,INDIANB,SBIN,TMPV,EMAMILTD,LLOYDSME,CROMPTON,GSPL,360ONE,POLICYBZR,TRENT,JKLAKSHMI,RITES,EIHOTEL,ULTRACEMCO,BDL,FLUOROCHEM,BAJFINANCE,BAJFINANCE,SUNPHARMA,LUPIN,INTELLECT,IRFC,RTNINDIA,HCLTECH,CDSL,BIOCON,NTPC,M&M,LTM,BHARTIARTL,CROMPTON,UNITDSPR,GAIL,BHARTIARTL,INFY,GMRAIRPORT,CDSL,PNBHOUSING,TATATECH,INDHOTEL,SHEMAROO,THERMAX,NH,CHOLAFIN,TATASTEEL,AXISBANK,TIINDIA,ANGELONE,TIINDIA,BHEL,BANKBARODA,TATASTEEL,TATASTEEL,HFCL,AYE,WELSPUNLIV,UNIHEALTH,
PERSISTENT,SAREGAMA,BANDHANBNK,LODHA,ONGC,ANANTAM,UNIONBANK,ICICIBANK,BAJAJ-AUTO,PATANJALI,SAIL,DIXON,IGL,MOTILALOFS,LUPIN,SBIN,ULTRACEMCO,BEML,LEMONTREE,TMPV,MTARTECH,BAYERCROP,SBIN,SBIN,MAXHEALTH,WOCKPHARMA,TATAELXSI,BPCL,NAZARA,DIXON,MUTHOOTFIN,PPLPHARMA,PIIND,NAUKRI,INTELLECT,NTPC,DIXON,ASHOKLEY,M&M,COLPAL,NTPC,M&M,MUTHOOTFIN,JKCEMENT,EXIDEIND,ADANIPOWER,MUKTAARTS,POWERGRID,MEDANTA,TITAN,AXISBANK,ADANIPOWER,EICHERMOT,INDHOTEL,EICHERMOT,DELHIVERY,CHOLAFIN,AXISBANK,AXISBANK,TATAPOWER,THELEELA,BATAINDIA,REFRACTORY,
,,,,OIL,MINDSPACE,UCOBANK,FEDERALBNK,TVSMOTOR,GODREJCP,ADANIENT,PGEL,IOC,IEX,YESBANK,TMPV,RAMCOCEM,RAILTEL,BLS,MAXHEALTH,HAL,PIDILITIND,ICICIBANK,ICICIBANK,LUPIN,IPCALAB,LTTS,NMDC,MOTILALOFS,CUMMINSIND,HDFCAMC,GLAXO,APLAPOLLO,BHARTIARTL,TATAELXSI,INDIGO,NYKAA,SCHAEFFLER,INDIGO,INDIGO,INDIGO,EXIDEIND,HDFCAMC,DALBHARAT,MSUMI,TITAN,DISHTV,GAIL,TORNTPHARM,JUBLINGREA,ADANIPOWER,HINDZINC,HINDZINC,EICHERMOT,MANKIND,PETRONET,ICICIPRULI,INDHOTEL,INDHOTEL,IRCON,ARSSBL,HFCL,FELIX,
,,,,,,CANBK,YESBANK,SONACOMS,DABUR,JINDALSTEL,KAJARIACER,RELIANCE,NAM-INDIA,HEROMOTOCO,BEL,BIRLACORPN,SAIL,TBOTEK,TATACONSUM,BEL,TATACHEM,HDFCLIFE,HDFCLIFE,IPCALAB,JBCHEPHARM,TATACOMM,HAL,NYKAA,ULTRACEMCO,PNBHOUSING,LAURUSLABS,JSWSTEEL,INDIGO,ETERNAL,ASHOKLEY,UBL,ABB,ASHOKLEY,UNITDSPR,SHRIRAMFIN,INDIGO,SAMMAANCAP,CROMPTON,ATHERENERG,HINDALCO,CREATIVEYE,POWERINDIA,SYNGENE,JUBLPHARMA,BANKBARODA,CHOLAFIN,MANKIND,TITAN,HSCL,ELGIEQUIP,NESTLEIND,ADANIPOWER,ADANIPOWER,BHEL,WAKEFIT,CYIENT,OWAIS,
,,,,,,,UNIONBANK,MOTHERSON,BRITANNIA,VEDL,BLUESTARCO,ONGC,ANANDRATHI,BSE,ADANIENT,ACC,BEL,JUBLFOOD,HINDUNILVR,MIDHANI,CHAMBLFERT,JIOFIN,JIOFIN,ZYDUSLIFE,ZYDUSLIFE,BSOFT,BEL,FIRSTCRY,PIDILITIND,360ONE,POLYMED,UPL,UNITDSPR,LTTS,GODREJPROP,BERGEPAINT,CUMMINSIND,ETERNAL,ASIANPAINT,ETERNAL,ASHOKLEY,PNBHOUSING,DIXON,ASHOKLEY,M&M,BTML,NHPC,KIMS,HINDALCO,IDFCFIRSTB,TITAN,HSCL,M&M,HINDALCO,RKFORGE,MARICO,EICHERMOT,EICHERMOT,DELHIVERY,JSWCEMENT,COHANCE,VIESL,
,,,,,,,CANBK,HEROMOTOCO,ITC,NATIONALUM,WHIRLPOOL,OIL,BSE,SUZLON,MARUTI,SHREECEM,HINDPETRO,IRCTC,TECHM,SOLARINDS,ATUL,ICICIGI,ICICIGI,APOLLOHOSP,GLENMARK,MPHASIS,HINDPETRO,INDIAMART,LUPIN,PAYTM,ASTERDM,TORNTPOWER,ASIANPAINT,TATACOMM,CGPOWER,BRIGADE,UBL,TMPV,ETERNAL,BAJFINANCE,SCHAEFFLER,360ONE,ULTRACEMCO,SCHAEFFLER,TTML,GTPL,CASTROLIND,AUROPHARMA,M&M,NHPC,NESTLEIND,HINDALCO,VGUARD,NATCOPHARM,TIINDIA,M&M,BANKBARODA,BANKBARODA,PETRONET,WEWORK,GRAVITA,APEXECO,
,,,,,,,,MARUTI,RADICO,HINDCOPPER,HAVELLS,ATGL,NUVAMA,PERSISTENT,RELIANCE,GRASIM,IRCTC,ITCHOTELS,TCS,MAZDOCK,SUMICHEM,SBILIFE,SBILIFE,GLENMARK,DIVISLAB,IDEA,PFC,POLICYBZR,TATACONSUM,IRFC,LUPIN,JSWENERGY,ETERNAL,PAYTM,CUMMINSIND,PRESTIGE,HYUNDAI,MRF,TATACOMM,INDUSINDBK,ETERNAL,PAYTM,PGEL,TATAELXSI,TATATECH,PNC,NTPC,CONCORDBIO,LTM,KOTAKBANK,POWERGRID,COCHINSHIP,PAGEIND,TITAGARH,INDHOTEL,NHPC,HINDZINC,HINDZINC,DLF,INDIQUBE,ABLBL,ROYALARC,
,,,,,,,,,,,,,,,,ORIENTCEM,ONGC,CHALET,DRREDDY,DATAPATTNS,PCBL,BAJAJFINSV,BAJAJFINSV,FORTIS,DRREDDY,HEXT,IRCTC,TBOTEK,HINDUNILVR,BAJFINANCE,WOCKPHARMA,ULTRACEMCO,TRENT,HCLTECH,ULTRACEMCO,IDEA,NAM-INDIA,HYUNDAI,TRENT,HCLTECH,TMPV,INDUSINDBK,BERGEPAINT,JBMA,ABSLAMC,ENIL,JPPOWER,BIOCON,COROMANDEL,NTPC,GAIL,M&M,NAUKRI,M&M,INDUSTOWER,BHARTIARTL,CHOLAFIN,CHOLAFIN,TECHNOE,PACEDIGITK,BHEL,SPCL,
,,,,,,,,,,,,,,,,,,,ONGC,ASTRAMICRO,SRF,PFC,PFC,DIVISLAB,AJANTPHARM,AFFLE,IOC,EASEMYTRIP,TECHM,IEX,ONESOURCE,PIDILITIND,DIXON,NYKAA,MAXHEALTH,FORTIS,ENRIN,BAJAJ-AUTO,CROMPTON,SBIN,MRF,IEX,BRIGADE,LTTS,ABREL,RADIOCITY,GUJGASLTD,PPLPHARMA,LTTS,ASIANPAINT,HINDALCO,KAYNES,ABSLAMC,KAYNES,GMRAIRPORT,NTPC,TITAN,TITAN,ELGIEQUIP,ATLANTAELE,PETRONET,AGUL,
,,,,,,,,,,,,,,,,,,,,GRSE,LINDEINDIA,BSE,BSE,DRREDDY,ABBOTINDIA,BHARTIHEXA,ONGC,SWIGGY,GODREJCP,POLICYBZR,IPCALAB,BPCL,MAXHEALTH,WIPRO,ADANIPORTS,PATANJALI,ESCORTS,ADANIPORTS,DIXON,WIPRO,HYUNDAI,BANKINDIA,PRESTIGE,KEI,TATAELXSI,NETWORK18,WAAREEENER,CAPLIPOINT,GODREJPROP,SAMMAANCAP,M&M,PAGEIND,BHARTIARTL,PAGEIND,POWERGRID,COLPAL,NESTLEIND,NESTLEIND,TEJASNET,BLUESTONE,ITI,ANLON,
,,,,,,,,,,,,,,,,,,,,,SOLARINDS,LICHSGFIN,LICHSGFIN,ABBOTINDIA,GLAND,SONATSOFTW,RECLTD,IRCTC,HEROMOTOCO,LTF,JBCHEPHARM,NMDC,BAJAJ-AUTO,INDIAMART,BPCL,PHOENIXLTD,HINDUNILVR,BPCL,NYKAA,ICICIBANK,BAJAJ-AUTO,POLICYBZR,KAJARIACER,FORCEMOT,TATACOMM,NAZARA,ABB,GLAXO,GODREJIND,PNB,NAUKRI,CASTROLIND,INDIGO,CASTROLIND,TITAGARH,COROMANDEL,POWERGRID,POWERGRID,ADANIPOWER,GAUDIUMIVF,FSL,VINSYS,
,,,,,,,,,,,,,,,,,,,,,SWANCORP,RECLTD,RECLTD,ALKEM,ALKEM,PERSISTENT,OIL,IXIGO,TCS,HDFCLIFE,PFIZER,HINDPETRO,DMART,POLICYBZR,APOLLOHOSP,SWIGGY,SIEMENS,TVSMOTOR,DMART,MAXHEALTH,ADANIPORTS,LTF,POLYCAB,CGPOWER,INDIACEM,SILLYMONKS,AEGISLOG,AGARWALEYE,JSWSTEEL,KEI,BHARTIARTL,NAVINFLUOR,EIHOTEL,EXIDEIND,KAYNES,SHRIRAMFIN,GAIL,GAIL,INDUSTOWER,SAATVIKGL,COFORGE,SHRITECH,
,,,,,,,,,,,,,,,,,,,,,,,,,,,,IIFLCAPS,DRREDDY,JIOFIN,NEULANDLAB,ADANIGREEN,TATACONSUM,MPHASIS,HINDPETRO,HEROMOTOCO,3MINDIA,HINDPETRO,TATACONSUM,HDFCLIFE,AIAENG,FEDERALBNK,BAJAJHFL,ARE&M,TRENT,DNAMEDIA,INOXWIND,LAURUSLABS,BAJAJHLDNG,GODREJPROP,INFY,TORNTPHARM,LEMONTREE,NAVINFLUOR,NHPC,MUTHOOTFIN,HINDALCO,HINDALCO,THERMAX,GLOBECIVIL,ELGIEQUIP,TRANSTEEL,
,,,,,,,,,,,,,,,,,,,,,,,,,,,,,SRF,ICICIGI,GLENMARK,JINDALSTEL,HINDUNILVR,IDEA,ADANIGREEN,JUBLFOOD,CRISIL,SONACOMS,HINDUNILVR,ADANIPORTS,TVSMOTOR,HUDCO,RAMCOCEM,FLUOROCHEM,ULTRACEMCO,RAJTV,CGPOWER,SAILIFE,GODREJAGRO,JKCEMENT,NTPC,COROMANDEL,ETERNAL,SUNDRMFAST,CASTROLIND,ASTRAL,M&M,M&M,ENGINERSIN,SETL,NETWEB,VIVIANA,
,,,,,,,,,,,,,,,,,,,,,,,,,,,,,ONGC,SBILIFE,FORTIS,SRF,APOLLOHOSP,TECHM,MOTHERSON,OBEROIRLTY,MARUTI,SWIGGY,GODREJCP,DMART,SONACOMS,INDIANB,PHOENIXLTD,TMPV,TMPV,SAMBHAAV,NLCINDIA,POLYMED,BAJFINANCE,JSWSTEEL,TORNTPHARM,AUROPHARMA,UTIAMC,AUROPHARMA,NH,ASHOKLEY,NAUKRI,NAUKRI,GMRAIRPORT,ATHERENERG,BALKRISIND,PREMIUM,
,,,,,,,,,,,,,,,,,,,,,,,,,,,,,PERSISTENT,BAJAJFINSV,AJANTPHARM,SHREECEM,TVSMOTOR,AFFLE,LT,VMM,TIMKEN,MOTHERSON,SWIGGY,JIOFIN,SWIGGY,RBLBANK,OBEROIRLTY,OLAELEC,TATACHEM,SUNTV,TORNTPOWER,SUNPHARMA,CGPOWER,INDUSINDBK,LTM,ABREL,HDFCAMC,ABREL,EXIDEIND,ASIANPAINT,KOTAKBANK,KOTAKBANK,POWERGRID,UTLSOLAR,TIINDIA,PATTECH,
,,,,,,,,,,,,,,,,,,,,,,,,,,,,,HAVELLS,PFC,ABBOTINDIA,VEDL,GODREJCP,BHARTIHEXA,SHREECEM,BLUESTARCO,ABBOTINDIA,HEROMOTOCO,JUBLFOOD,SBILIFE,MOTHERSON,YESBANK,BLUESTARCO,OLECTRA,ADANIPORTS,ONMOBILE,JSWENERGY,VIJAYA,CEATLTD,TORNTPOWER,SHRIRAMFIN,ASTRAL,KALYANKJIL,ASTRAL,BHARTIARTL,SAMMAANCAP,BHARTIARTL,BHARTIARTL,GAIL,GKENERGY,KPITTECH,SUNREST,
,,,,,,,,,,,,,,,,,,,,,,,,,,,,,,BSE,LALPATHLAB,GRASIM,HEROMOTOCO,SONATSOFTW,GRASIM,ABBOTINDIA,LINDEINDIA,MARUTI,DABUR,BAJAJFINSV,HEROMOTOCO,BANDHANBNK,ACC,HYUNDAI,M&MFIN,TIPSMUSIC,PREMIERENE,ASTERDM,JSWENERGY,JSWENERGY,ABB,ASHOKLEY,TATACOMM,AARTIIND,NTPC,TATACOMM,INFY,INFY,COCHINSHIP,EPACKPEB,INDUSTOWER,DHANLAXMI,
,,,,,,,,,,,,,,,,,,,,,,,,,,,,,,ABCAPITAL,RAINBOW,IOC,MARUTI,SWIGGY,SUZLON,DABUR,PGHH,IRCTC,IRCTC,TECHM,MARUTI,UNIONBANK,SHREECEM,BAJAJ-AUTO,JIOFIN,TVTODAY,GVT&D,MAXHEALTH,TRENT,CROMPTON,ASIANPAINT,ABB,GODREJPROP,ASHOKLEY,MSUMI,PNB,NTPC,NTPC,POWERINDIA,IVALUE,THERMAX,AKIKO,
,,,,,,,,,,,,,,,,,,,,,,,,,,,,,,LICI,GLAND,RELIANCE,BRITANNIA,TCS,IOC,IRCTC,VEDL,IOC,BRITANNIA,APOLLOHOSP,APOLLOTYRE,BSE,GRASIM,TATACHEM,TATACONSUM,ZEEMEDIA,ENRIN,LUPIN,ULTRACEMCO,SBIN,ETERNAL,PIIND,AMBER,INOXWIND,INDIGO,PIIND,TORNTPHARM,TORNTPHARM,SIGNATURE,PWL,SAGILITY,BOSS,
,,,,,,,,,,,,,,,,,,,,,,,,,,,,,,LICHSGFIN,ALKEM,ONGC,ITC,IRCTC,RELIANCE,RADICO,BRITANNIA,RELIANCE,ITC,BSE,IRCTC,ABCAPITAL,LICHSGFIN,TVSMOTOR,IDEA,TVVISION,IREDA,WOCKPHARMA,TMPV,DIXON,BAJFINANCE,KEI,SOBHA,PIIND,SUNDRMFAST,PNBHOUSING,LTM,LTM,TITAGARH,STYL,RRKABEL,CBAZAAR,
,,,,,,,,,,,,,,,,,,,,,,,,,,,,,,RECLTD,GRANULES,OIL,HAVELLS,PERSISTENT,ONGC,ALKEM,GLAND,ATGL,HAVELLS,TCS,MAZDOCK,MANAPPURAM,HAVELLS,JWL,AWL,AQYLON,BPCL,ONESOURCE,LTF,ULTRACEMCO,CGPOWER,APLAPOLLO,360ONE,AMBER,EIHOTEL,JKCEMENT,SHRIRAMFIN,SHRIRAMFIN,ZENTEC,EXCELSOFT,JUBLINGREA,ALCODIS,
,,,,,,,,,,,,,,,,,,,,,,,,,,,,,,,,,,,,,,,,,,LICHSGFIN,LODHA,SONACOMS,TECHM,TIPSFILMS,MGL,IPCALAB,BAJAJ-AUTO,ICICIBANK,HCLTECH,JSWSTEEL,PAYTM,APLAPOLLO,JPPOWER,BAJFINANCE,ABB,ABB,NHPC,AHCL,JUBLPHARMA,PROLIFE,
,,,,,,,,,,,,,,,,,,,,,,,,,,,,,,,,,,,,,,,,,,,,MOTHERSON,ADANIENT,DEN,SIEMENS,JBCHEPHARM,ADANIPORTS,FEDERALBNK,JSWENERGY,CGPOWER,MOTILALOFS,JSWSTEEL,KIMS,SUNDARMFIN,ASIANPAINT,ASIANPAINT,TTML,JARO,NESTLEIND,MYMUDRA,
,,,,,,,,,,,,,,,,,,,,,,,,,,,,,,,,,,,,,,,,,,,,HEROMOTOCO,ADANIGREEN,ZEEL,HINDPETRO,PFIZER,M&MFIN,PRESTIGE,TRENT,UPL,TRENT,PPLPHARMA,ASHOKLEY,UPL,ETERNAL,ETERNAL,IRB,CLEANMAX,HSCL,VR,
,,,,,,,,,,,,,,,,,,,,,,,,,,,,,,,,,,,,,,,,,,,,MARUTI,TCS,SIGNPOST,ADANIGREEN,NEULANDLAB,JIOFIN,JSL,WIPRO,CROMPTON,CROMPTON,ARE&M,JYOTICNC,TORNTPOWER,JSWSTEEL,JSWSTEEL,BHARTIARTL,GEMAROMA,GAIL,BLUEWATER,
,,,,,,,,,,,,,,,,,,,,,,,,,,,,,,,,,,,,,,,,,,,,RELIANCE,ABCAPITAL,CINELINE,GSPL,ZYDUSLIFE,JSL,POLYCAB,ULTRACEMCO,FLUOROCHEM,MANYAVAR,UPL,AEGISLOG,JSWENERGY,BAJAJHLDNG,BAJAJHLDNG,NTPC,SHRINGARMS,HINDALCO,MILTON,
,,,,,,,,,,,,,,,,,,,,,,,,,,,,,,,,,,,,,,,,,,,,,ACC,PFOCUS,CESC,APOLLOHOSP,BAJAJFINSV,SAIL,ICICIBANK,DIXON,DIXON,LAURUSLABS,LEMONTREE,DALBHARAT,IRFC,IRFC,INDIGO,SOLARWORLD,MARICO,SOTAC,
,,,,,,,,,,,,,,,,,,,,,,,,,,,,,,,,,,,,,,,,,,,,,ABFRL,RKSWAMY,SUZLON,ASTRAZEN,IDEA,YESBANK,PIDILITIND,CUMMINSIND,NYKAA,CROMPTON,INOXWIND,CROMPTON,BAJFINANCE,BAJFINANCE,JPPOWER,LENSKART,POWERINDIA,TAPIFRUIT,
,,,,,,,,,,,,,,,,,,,,,,,,,,,,,,,,,,,,,,,,,,,,,GRASIM,BALAJITELE,IGL,GLENMARK,TECHM,ADANIGREEN,MAXHEALTH,SUNPHARMA,FIRSTCRY,DIXON,GODREJPROP,SBIN,CGPOWER,CGPOWER,GUJGASLTD,LAXMIINDIA,TITAGARH,POSITRON,
,,,,,,,,,,,,,,,,,,,,,,,,,,,,,,,,,,,,,,,,,,,,,TATAINVEST,HATHWAY,IOC,FORTIS,ADANIENT,UNIONBANK,HYUNDAI,PIDILITIND,INDIAMART,SAILIFE,NCC,DIXON,HCLTECH,HCLTECH,ASHOKLEY,FABTECH,APLLTD,RAJPUTANA,
,,,,,,,,,,,,,,,,,,,,,,,,,,,,,,,,,,,,,,,,,,,,,RELIANCE,SAREGAMA,RELIANCE,EMCURE,ADANIGREEN,PHOENIXLTD,HDFCLIFE,TMPV,TMPV,CUMMINSIND,KIRLOSENG,CUMMINSIND,JSWENERGY,JSWENERGY,ABB,AGARWALEYE,VGUARD,AILIMITED,
,,,,,,,,,,,,,,,,,,,,,,,,,,,,,,,,,,,,,,,,,,,,,ATGL,UFO,ONGC,DIVISLAB,GODREJCP,OBEROIRLTY,ADANIPORTS,LUPIN,BLS,SUNPHARMA,ARE&M,ULTRACEMCO,TRENT,TRENT,AEGISLOG,PROSTARM,PAGEIND,DCG,
,,,,,,,,,,,,,,,,,,,,,,,,,,,,,,,,,,,,,,,,,,,,,,,OIL,DRREDDY,JUBLFOOD,BLUESTARCO,DMART,MRF,POLICYBZR,TMPV,TORNTPOWER,BANKINDIA,SBIN,SBIN,ELECON,ANTHEM,CASTROLIND,WALPAR,
,,,,,,,,,,,,,,,,,,,,,,,,,,,,,,,,,,,,,,,,,,,,,,,ATGL,AJANTPHARM,TCS,JINDALSTEL,JIOFIN,HYUNDAI,OLAELEC,LUPIN,CUMMINSIND,TMPV,WIPRO,WIPRO,INOXWIND,GANESHCP,TATATECH,RTL,
,,,,,,,,,,,,,,,,,,,,,,,,,,,,,,,,,,,,,,,,,,,,,,,,ABBOTINDIA,JINDALSTEL,LT,BPCL,BAJAJ-AUTO,OLECTRA,WOCKPHARMA,NBCC,HYUNDAI,ULTRACEMCO,ULTRACEMCO,TATACOMM,OSWALPUMPS,CAMPUS,GURUNANAK,
,,,,,,,,,,,,,,,,,,,,,,,,,,,,,,,,,,,,,,,,,,,,,,,,METROPOLIS,CESC,SHREECEM,ICICIGI,ENRIN,HYUNDAI,BAJAJ-AUTO,ULTRACEMCO,BAJAJ-AUTO,ICICIBANK,ICICIBANK,GODREJPROP,CANHLIFE,EXIDEIND,HRHNEXT,
,,,,,,,,,,,,,,,,,,,,,,,,,,,,,,,,,,,,,,,,,,,,,,,,LALPATHLAB,PCBL,GRASIM,BAJAJHFL,BPCL,ANANTRAJ,TATACHEM,ASTERDM,BERGEPAINT,PIDILITIND,PIDILITIND,NCC,VIKRAMSOLR,INFY,DIVYADHAN,
,,,,,,,,,,,,,,,,,,,,,,,,,,,,,,,,,,,,,,,,,,,,,,,,RAINBOW,LT,LICHSGFIN,SBILIFE,AIAENG,BAJAJ-AUTO,PGEL,KPIL,HDFCLIFE,MAXHEALTH,MAXHEALTH,JKCEMENT,CAPILLARY,JINDALSAW,DPEL,
,,,,,,,,,,,,,,,,,,,,,,,,,,,,,,,,,,,,,,,,,,,,,,,,GLAND,GRASIM,CANBK,HINDUNILVR,ESCORTS,NAM-INDIA,JBCHEPHARM,MAXHEALTH,M&MFIN,HYUNDAI,HYUNDAI,KIRLOSENG,VIKRAN,MSUMI,IDENTICAL,
,,,,,,,,,,,,,,,,,,,,,,,,,,,,,,,,,,,,,,,,,,,,,,,,ALKEM,SAREGAMA,HAVELLS,SIEMENS,POLYCAB,PGEL,KAJARIACER,PRAJIND,TATACONSUM,BAJAJ-AUTO,BAJAJ-AUTO,SOBHA,BMWVENTLTD,COLPAL,JAINAM,
,,,,,,,,,,,,,,,,,,,,,,,,,,,,,,,,,,,,,,,,,,,,,,,,GRANULES,RELIANCE,ATGL,TECHM,SIEMENS,BRIGADE,POLYCAB,ADANIPORTS,POONAWALLA,HDFCLIFE,HDFCLIFE,CGPOWER,ALLTIME,MEDANTA,ENFUSE,
,,,,,,,,,,,,,,,,,,,,,,,,,,,,,,,,,,,,,,,,,,,,,,,,,,LODHA,APOLLOHOSP,HAL,DMART,WELCORP,BRIGADE,ESCORTS,ADANIPORTS,ADANIPORTS,NLCINDIA,EBGNG,TORNTPHARM,AGARWALFT,
,,,,,,,,,,,,,,,,,,,,,,,,,,,,,,,,,,,,,,,,,,,,,,,,,,,TVSMOTOR,SUPREMEIND,PRESTIGE,CARBORUNIV,PRESTIGE,SBILIFE,DMART,DMART,ACE,PINELABS,SUNDRMFAST,DENTALKART,
,,,,,,,,,,,,,,,,,,,,,,,,,,,,,,,,,,,,,,,,,,,,,,,,,,,ADANIENT,ZYDUSLIFE,SUNTV,CHAMBLFERT,BPCL,HINDUNILVR,JIOFIN,JIOFIN,TORNTPOWER,LGEINDIA,LTM,AERON,
,,,,,,,,,,,,,,,,,,,,,,,,,,,,,,,,,,,,,,,,,,,,,,,,,,,PFC,BEL,IDEA,HAL,BEML,EMAMILTD,TATACONSUM,TATACONSUM,JSWENERGY,NEPHROPLUS,SHYAMMETL,MCON,
,,,,,,,,,,,,,,,,,,,,,,,,,,,,,,,,,,,,,,,,,,,,,,,,,,,ADANIGREEN,TVSMOTOR,TVSMOTOR,NEULANDLAB,MGL,IDEA,BPCL,BPCL,DALBHARAT,MEIL,COROMANDEL,PRLIND,
,,,,,,,,,,,,,,,,,,,,,,,,,,,,,,,,,,,,,,,,,,,,,,,,,,,GODREJCP,SONACOMS,BHARTIHEXA,SUPREMEIND,ASAHIINDIA,SUPREMEIND,ICICIGI,ICICIGI,KIRLOSBROS,CPPLUS,BLUEJET,MRIL,
,,,,,,,,,,,,,,,,,,,,,,,,,,,,,,,,,,,,,,,,,,,,,,,,,,,MARUTI,MOTHERSON,PHOENIXLTD,BEL,IDEA,INDIANB,BAJAJHFL,BAJAJHFL,CUMMINSIND,GKSL,SYNGENE,SAHASRA,
,,,,,,,,,,,,,,,,,,,,,,,,,,,,,,,,,,,,,,,,,,,,,,,,,,,TCS,DIVISLAB,SWIGGY,GLENMARK,APOLLOHOSP,TVSMOTOR,SBILIFE,SBILIFE,JSWINFRA,MEESHO,GUJGASLTD,MARINETRAN,
,,,,,,,,,,,,,,,,,,,,,,,,,,,,,,,,,,,,,,,,,,,,,,,,,,,SHREECEM,MARUTI,HEROMOTOCO,ATUL,FORTIS,PATANJALI,BAJAJFINSV,BAJAJFINSV,NBCC,AJAXENGG,AUROPHARMA,GREENCHEF,
,,,,,,,,,,,,,,,,,,,,,,,,,,,,,,,,,,,,,,,,,,,,,,,,,,,GRASIM,DRREDDY,JUBLFOOD,HINDPETRO,HINDPETRO,ADANIGREEN,HINDUNILVR,HINDUNILVR,ULTRACEMCO,GLOTTIS,BBTC,VASA,
,,,,,,,,,,,,,,,,,,,,,,,,,,,,,,,,,,,,,,,,,,,,,,,,,,,BRITANNIA,BLUESTARCO,MARUTI,SONACOMS,RAMCOCEM,BANDHANBNK,SIEMENS,SIEMENS,RITES,SHREEJISPG,ASTRAL,SUPREMEPWR,
,,,,,,,,,,,,,,,,,,,,,,,,,,,,,,,,,,,,,,,,,,,,,,,,,,,IOC,JINDALSTEL,OBEROIRLTY,HEROMOTOCO,SONACOMS,GODREJCP,TECHM,TECHM,GVT&D,PNGSREVA,JYOTICNC,PRECISION,
,,,,,,,,,,,,,,,,,,,,,,,,,,,,,,,,,,,,,,,,,,,,,,,,,,,RELIANCE,SRF,VMM,DIVISLAB,PHOENIXLTD,HEROMOTOCO,APOLLOHOSP,APOLLOHOSP,KPIL,FRACTAL,SCHAEFFLER,SANGANI,
,,,,,,,,,,,,,,,,,,,,,,,,,,,,,,,,,,,,,,,,,,,,,,,,,,,RECLTD,LINDEINDIA,NUVAMA,MARUTI,GSPL,MARUTI,TVSMOTOR,TVSMOTOR,ANANTRAJ,VMSTMT,DEEPAKNTR,EFFWA,
,,,,,,,,,,,,,,,,,,,,,,,,,,,,,,,,,,,,,,,,,,,,,,,,,,,HAVELLS,SOLARINDS,BLUESTARCO,DRREDDY,OBEROIRLTY,BLUESTARCO,ADANIENT,ADANIENT,ENRIN,VIDYAWIRES,CONCORDBIO,TGL,
,,,,,,,,,,,,,,,,,,,,,,,,,,,,,,,,,,,,,,,,,,,,,,,,,,,,KPRMILL,WHIRLPOOL,TIMKEN,ZFCVINDIA,ZEEL,PFC,PFC,NAVA,OMNI,ASIANPAINT,PURVFLEXI,
,,,,,,,,,,,,,,,,,,,,,,,,,,,,,,,,,,,,,,,,,,,,,,,,,,,,VEDL,ZEEL,WHIRLPOOL,CESC,ACC,ADANIGREEN,ADANIGREEN,ADANIPORTS,HDBFS,GILLETTE,DUGLOBAL,
,,,,,,,,,,,,,,,,,,,,,,,,,,,,,,,,,,,,,,,,,,,,,,,,,,,,MAZDOCK,KPRMILL,SRF,LT,SHREECEM,GODREJCP,GODREJCP,BRIGADE,SHADOWFAX,ELECON,QUICKTOUCH,
,,,,,,,,,,,,,,,,,,,,,,,,,,,,,,,,,,,,,,,,,,,,,,,,,,,,SUZLON,ABFRL,GLAND,IRCTC,DABUR,MOTHERSON,MOTHERSON,PRESTIGE,TENNIND,REDINGTON,READYMIX,
,,,,,,,,,,,,,,,,,,,,,,,,,,,,,,,,,,,,,,,,,,,,,,,,,,,,IOC,IRCTC,SUZLON,GRASIM,LICI,DIVISLAB,DIVISLAB,BEML,ORKLAINDIA,RHIM,GOLDSTAR,
,,,,,,,,,,,,,,,,,,,,,,,,,,,,,,,,,,,,,,,,,,,,,,,,,,,,RELIANCE,SAREGAMA,RELIANCE,SUZLON,IRCTC,MARUTI,MARUTI,BDL,CORONA,LTTS,JAKHARIA,
,,,,,,,,,,,,,,,,,,,,,,,,,,,,,,,,,,,,,,,,,,,,,,,,,,,,ALKEM,ITCHOTELS,FINCABLES,RELIANCE,GRASIM,TCS,TCS,TRITURBINE,ICICIAMC,INOXWIND,AAKAAR,
,,,,,,,,,,,,,,,,,,,,,,,,,,,,,,,,,,,,,,,,,,,,,,,,,,,,HAVELLS,CHALET,ALKEM,ONGC,BRITANNIA,SHREECEM,JINDALSTEL,MGL,QUADFUTURE,USHAMART,VISAMAN,
,,,,,,,,,,,,,,,,,,,,,,,,,,,,,,,,,,,,,,,,,,,,,,,,,,,,HONAUT,HAVELLS,GRANULES,GESHIP,LICHSGFIN,LICI,SHREECEM,SIEMENS,CRIZAC,KEI,ESFL,
,,,,,,,,,,,,,,,,,,,,,,,,,,,,,,,,,,,,,,,,,,,,,,,,,,,,,LODHA,HINDCOPPER,OIL,ITC,GRASIM,LICI,HAL,SHANTIGOLD,NSLNISP,AESTHETIK,
,,,,,,,,,,,,,,,,,,,,,,,,,,,,,,,,,,,,,,,,,,,,,,,,,,,,,,,,HAVELLS,BRITANNIA,VEDL,IDEA,BELRISE,AMBER,IPHL,
,,,,,,,,,,,,,,,,,,,,,,,,,,,,,,,,,,,,,,,,,,,,,,,,,,,,,,,,,CANBK,GRASIM,BEL,PATELRMART,NCC,ZENITHDRUG,
,,,,,,,,,,,,,,,,,,,,,,,,,,,,,,,,,,,,,,,,,,,,,,,,,,,,,,,,,IOC,BRITANNIA,BHARTIHEXA,ARIS,APLAPOLLO,CELLPOINT,
,,,,,,,,,,,,,,,,,,,,,,,,,,,,,,,,,,,,,,,,,,,,,,,,,,,,,,,,,RELIANCE,CANBK,TARIL,IGCL,FORCEMOT,AMCL,
,,,,,,,,,,,,,,,,,,,,,,,,,,,,,,,,,,,,,,,,,,,,,,,,,,,,,,,,,ONGC,IOC,RAMCOCEM,HEXT,CHENNPETRO,PUSHPA,
,,,,,,,,,,,,,,,,,,,,,,,,,,,,,,,,,,,,,,,,,,,,,,,,,,,,,,,,,RECLTD,RELIANCE,JWL,PARKHOSPS,SCI,SKP,
,,,,,,,,,,,,,,,,,,,,,,,,,,,,,,,,,,,,,,,,,,,,,,,,,,,,,,,,,HAVELLS,ONGC,ADANIGREEN,TRUALT,SOBHA,DECCANTRAN,
,,,,,,,,,,,,,,,,,,,,,,,,,,,,,,,,,,,,,,,,,,,,,,,,,,,,,,,,,,RECLTD,PHOENIXLTD,HILINFRA,CGPOWER,SHEETAL,
,,,,,,,,,,,,,,,,,,,,,,,,,,,,,,,,,,,,,,,,,,,,,,,,,,,,,,,,,,HAVELLS,GSPL,REGAAL,ARE&M,MEGATHERM,
,,,,,,,,,,,,,,,,,,,,,,,,,,,,,,,,,,,,,,,,,,,,,,,,,,,,,,,,,,,OBEROIRLTY,STALLION,RELINFRA,ETL,
,,,,,,,,,,,,,,,,,,,,,,,,,,,,,,,,,,,,,,,,,,,,,,,,,,,,,,,,,,,AFCONS,CRAMC,DOMS,SAIFL,
,,,,,,,,,,,,,,,,,,,,,,,,,,,,,,,,,,,,,,,,,,,,,,,,,,,,,,,,,,,CESC,MBEL,CEATLTD,OLIL,
,,,,,,,,,,,,,,,,,,,,,,,,,,,,,,,,,,,,,,,,,,,,,,,,,,,,,,,,,,,ACC,ADVANCE,ACE,SHREEKARNI,
,,,,,,,,,,,,,,,,,,,,,,,,,,,,,,,,,,,,,,,,,,,,,,,,,,,,,,,,,,,LT,TRAVELFOOD,TORNTPOWER,MEDIORG,
,,,,,,,,,,,,,,,,,,,,,,,,,,,,,,,,,,,,,,,,,,,,,,,,,,,,,,,,,,,SHREECEM,KALPATARU,HCLTECH,MONOLITH,
,,,,,,,,,,,,,,,,,,,,,,,,,,,,,,,,,,,,,,,,,,,,,,,,,,,,,,,,,,,NTPCGREEN,AEGISVOPAK,TRENT,SLONE,
,,,,,,,,,,,,,,,,,,,,,,,,,,,,,,,,,,,,,,,,,,,,,,,,,,,,,,,,,,,GRASIM,BRIGHOTEL,DALBHARAT,KORE,
,,,,,,,,,,,,,,,,,,,,,,,,,,,,,,,,,,,,,,,,,,,,,,,,,,,,,,,,,,,MAZDOCK,BHARATCOAL,CROMPTON,WINNY,
,,,,,,,,,,,,,,,,,,,,,,,,,,,,,,,,,,,,,,,,,,,,,,,,,,,,,,,,,,,SUZLON,AEQUS,FLUOROCHEM,SAWALIYA,
,,,,,,,,,,,,,,,,,,,,,,,,,,,,,,,,,,,,,,,,,,,,,,,,,,,,,,,,,,,DATAPATTNS,SUDEEPPHRM,KIRLOSBROS,BALAJIPHOS,
,,,,,,,,,,,,,,,,,,,,,,,,,,,,,,,,,,,,,,,,,,,,,,,,,,,,,,,,,,,IGL,URBANCO,SYRMA,RAPPID,
,,,,,,,,,,,,,,,,,,,,,,,,,,,,,,,,,,,,,,,,,,,,,,,,,,,,,,,,,,,GRSE,SCODATUBES,DIXON,TECHLABS,
,,,,,,,,,,,,,,,,,,,,,,,,,,,,,,,,,,,,,,,,,,,,,,,,,,,,,,,,,,,GESHIP,GROWW,SAILIFE,ISHAN,
,,,,,,,,,,,,,,,,,,,,,,,,,,,,,,,,,,,,,,,,,,,,,,,,,,,,,,,,,,,ATGL,AMAGI,BSOFT,QUADPRO,
,,,,,,,,,,,,,,,,,,,,,,,,,,,,,,,,,,,,,,,,,,,,,,,,,,,,,,,,,,,LODHA,JAINREC,ECLERX,NEWJAISA,
,,,,,,,,,,,,,,,,,,,,,,,,,,,,,,,,,,,,,,,,,,,,,,,,,,,,,,,,,,,,SMARTWORKS,CUMMINSIND,MHHL,
,,,,,,,,,,,,,,,,,,,,,,,,,,,,,,,,,,,,,,,,,,,,,,,,,,,,,,,,,,,,RUBICON,INOXINDIA,CONNPLEX,
,,,,,,,,,,,,,,,,,,,,,,,,,,,,,,,,,,,,,,,,,,,,,,,,,,,,,,,,,,,,DENTA,BAYERCROP,MPTODAY,
,,,,,,,,,,,,,,,,,,,,,,,,,,,,,,,,,,,,,,,,,,,,,,,,,,,,,,,,,,,,INDOFARM,LTFOODS,SUNTECH,
,,,,,,,,,,,,,,,,,,,,,,,,,,,,,,,,,,,,,,,,,,,,,,,,,,,,,,,,,,,,LAXMIDENTL,HEG,SPPPOLY,
,,,,,,,,,,,,,,,,,,,,,,,,,,,,,,,,,,,,,,,,,,,,,,,,,,,,,,,,,,,,SAMBHV,FIRSTCRY,PROPEQUITY,
,,,,,,,,,,,,,,,,,,,,,,,,,,,,,,,,,,,,,,,,,,,,,,,,,,,,,,,,,,,,MIDWESTLTD,NBCC,GLOBALPET,
,,,,,,,,,,,,,,,,,,,,,,,,,,,,,,,,,,,,,,,,,,,,,,,,,,,,,,,,,,,,KSHINTL,SUNPHARMA,SFML,
,,,,,,,,,,,,,,,,,,,,,,,,,,,,,,,,,,,,,,,,,,,,,,,,,,,,,,,,,,,,,ULTRACEMCO,YASHOPTICS,
,,,,,,,,,,,,,,,,,,,,,,,,,,,,,,,,,,,,,,,,,,,,,,,,,,,,,,,,,,,,,ASTERDM,PARAGON,
,,,,,,,,,,,,,,,,,,,,,,,,,,,,,,,,,,,,,,,,,,,,,,,,,,,,,,,,,,,,,PIDILITIND,PRESSTONIC,
,,,,,,,,,,,,,,,,,,,,,,,,,,,,,,,,,,,,,,,,,,,,,,,,,,,,,,,,,,,,,GVT&D,SNEHAA,
,,,,,,,,,,,,,,,,,,,,,,,,,,,,,,,,,,,,,,,,,,,,,,,,,,,,,,,,,,,,,KPIL,MAXPOSURE,
,,,,,,,,,,,,,,,,,,,,,,,,,,,,,,,,,,,,,,,,,,,,,,,,,,,,,,,,,,,,,TMPV,JYOTIGLOBL,
,,,,,,,,,,,,,,,,,,,,,,,,,,,,,,,,,,,,,,,,,,,,,,,,,,,,,,,,,,,,,MAXHEALTH,PLADAINFO,
,,,,,,,,,,,,,,,,,,,,,,,,,,,,,,,,,,,,,,,,,,,,,,,,,,,,,,,,,,,,,LUPIN,EMMIL,
,,,,,,,,,,,,,,,,,,,,,,,,,,,,,,,,,,,,,,,,,,,,,,,,,,,,,,,,,,,,,WOCKPHARMA,UHTL,
,,,,,,,,,,,,,,,,,,,,,,,,,,,,,,,,,,,,,,,,,,,,,,,,,,,,,,,,,,,,,MRF,BAGDIGITAL,
,,,,,,,,,,,,,,,,,,,,,,,,,,,,,,,,,,,,,,,,,,,,,,,,,,,,,,,,,,,,,OLECTRA,UNILEX,
,,,,,,,,,,,,,,,,,,,,,,,,,,,,,,,,,,,,,,,,,,,,,,,,,,,,,,,,,,,,,VTL,VIGOR,
,,,,,,,,,,,,,,,,,,,,,,,,,,,,,,,,,,,,,,,,,,,,,,,,,,,,,,,,,,,,,HYUNDAI,SAJHOTELS,
,,,,,,,,,,,,,,,,,,,,,,,,,,,,,,,,,,,,,,,,,,,,,,,,,,,,,,,,,,,,,ANANTRAJ,UWCSL,
,,,,,,,,,,,,,,,,,,,,,,,,,,,,,,,,,,,,,,,,,,,,,,,,,,,,,,,,,,,,,ENRIN,MVKAGRO,
,,,,,,,,,,,,,,,,,,,,,,,,,,,,,,,,,,,,,,,,,,,,,,,,,,,,,,,,,,,,,TATACHEM,CGRAPHICS,
,,,,,,,,,,,,,,,,,,,,,,,,,,,,,,,,,,,,,,,,,,,,,,,,,,,,,,,,,,,,,PGEL,DIVINEHIRA,
,,,,,,,,,,,,,,,,,,,,,,,,,,,,,,,,,,,,,,,,,,,,,,,,,,,,,,,,,,,,,TBOTEK,KATARIA,
,,,,,,,,,,,,,,,,,,,,,,,,,,,,,,,,,,,,,,,,,,,,,,,,,,,,,,,,,,,,,IPCALAB,KARNIKA,
,,,,,,,,,,,,,,,,,,,,,,,,,,,,,,,,,,,,,,,,,,,,,,,,,,,,,,,,,,,,,JBCHEPHARM,CANARYS,
,,,,,,,,,,,,,,,,,,,,,,,,,,,,,,,,,,,,,,,,,,,,,,,,,,,,,,,,,,,,,BERGEPAINT,BEWLTD,
,,,,,,,,,,,,,,,,,,,,,,,,,,,,,,,,,,,,,,,,,,,,,,,,,,,,,,,,,,,,,BASF,FINBUD,
,,,,,,,,,,,,,,,,,,,,,,,,,,,,,,,,,,,,,,,,,,,,,,,,,,,,,,,,,,,,,NAVA,RAJINDLTD,
,,,,,,,,,,,,,,,,,,,,,,,,,,,,,,,,,,,,,,,,,,,,,,,,,,,,,,,,,,,,,DMART,JIWANRAM,
,,,,,,,,,,,,,,,,,,,,,,,,,,,,,,,,,,,,,,,,,,,,,,,,,,,,,,,,,,,,,TATACONSUM,VEEKAYEM,
,,,,,,,,,,,,,,,,,,,,,,,,,,,,,,,,,,,,,,,,,,,,,,,,,,,,,,,,,,,,,BPCL,MMEL,
,,,,,,,,,,,,,,,,,,,,,,,,,,,,,,,,,,,,,,,,,,,,,,,,,,,,,,,,,,,,,JSL,SPECTSTM,
,,,,,,,,,,,,,,,,,,,,,,,,,,,,,,,,,,,,,,,,,,,,,,,,,,,,,,,,,,,,,MGL,RAPIDFLEET,
,,,,,,,,,,,,,,,,,,,,,,,,,,,,,,,,,,,,,,,,,,,,,,,,,,,,,,,,,,,,,KAJARIACER,HVAX,
,,,,,,,,,,,,,,,,,,,,,,,,,,,,,,,,,,,,,,,,,,,,,,,,,,,,,,,,,,,,,MPHASIS,KAYTEX,
,,,,,,,,,,,,,,,,,,,,,,,,,,,,,,,,,,,,,,,,,,,,,,,,,,,,,,,,,,,,,RAILTEL,PRIZOR,
,,,,,,,,,,,,,,,,,,,,,,,,,,,,,,,,,,,,,,,,,,,,,,,,,,,,,,,,,,,,,ENDURANCE,INFLUX,
,,,,,,,,,,,,,,,,,,,,,,,,,,,,,,,,,,,,,,,,,,,,,,,,,,,,,,,,,,,,,POLYCAB,ABSMARINE,
,,,,,,,,,,,,,,,,,,,,,,,,,,,,,,,,,,,,,,,,,,,,,,,,,,,,,,,,,,,,,GPIL,SRIVASAVI,
,,,,,,,,,,,,,,,,,,,,,,,,,,,,,,,,,,,,,,,,,,,,,,,,,,,,,,,,,,,,,WELCORP,MUNISH,
,,,,,,,,,,,,,,,,,,,,,,,,,,,,,,,,,,,,,,,,,,,,,,,,,,,,,,,,,,,,,CARBORUNIV,CEDAAR,
,,,,,,,,,,,,,,,,,,,,,,,,,,,,,,,,,,,,,,,,,,,,,,,,,,,,,,,,,,,,,HINDUNILVR,DYNAMIC,
,,,,,,,,,,,,,,,,,,,,,,,,,,,,,,,,,,,,,,,,,,,,,,,,,,,,,,,,,,,,,CHAMBLFERT,DENEERS,
,,,,,,,,,,,,,,,,,,,,,,,,,,,,,,,,,,,,,,,,,,,,,,,,,,,,,,,,,,,,,EMAMILTD,TIMESCAN,
,,,,,,,,,,,,,,,,,,,,,,,,,,,,,,,,,,,,,,,,,,,,,,,,,,,,,,,,,,,,,NEULANDLAB,WTICAB,
,,,,,,,,,,,,,,,,,,,,,,,,,,,,,,,,,,,,,,,,,,,,,,,,,,,,,,,,,,,,,SUPREMEIND,JFLLIFE,
,,,,,,,,,,,,,,,,,,,,,,,,,,,,,,,,,,,,,,,,,,,,,,,,,,,,,,,,,,,,,LLOYDSME,NIKITA,
,,,,,,,,,,,,,,,,,,,,,,,,,,,,,,,,,,,,,,,,,,,,,,,,,,,,,,,,,,,,,KSB,AIMTRON,
,,,,,,,,,,,,,,,,,,,,,,,,,,,,,,,,,,,,,,,,,,,,,,,,,,,,,,,,,,,,,ZYDUSLIFE,NEELAM,
,,,,,,,,,,,,,,,,,,,,,,,,,,,,,,,,,,,,,,,,,,,,,,,,,,,,,,,,,,,,,SAIL,QMSMEDI,
,,,,,,,,,,,,,,,,,,,,,,,,,,,,,,,,,,,,,,,,,,,,,,,,,,,,,,,,,,,,,TECHM,MASTER,
,,,,,,,,,,,,,,,,,,,,,,,,,,,,,,,,,,,,,,,,,,,,,,,,,,,,,,,,,,,,,ASTRAZEN,DELAPLEX,
,,,,,,,,,,,,,,,,,,,,,,,,,,,,,,,,,,,,,,,,,,,,,,,,,,,,,,,,,,,,,HEXT,YUDIZ,
,,,,,,,,,,,,,,,,,,,,,,,,,,,,,,,,,,,,,,,,,,,,,,,,,,,,,,,,,,,,,GLENMARK,MAITREYA,
,,,,,,,,,,,,,,,,,,,,,,,,,,,,,,,,,,,,,,,,,,,,,,,,,,,,,,,,,,,,,ALKYLAMINE,PATILAUTOM,
,,,,,,,,,,,,,,,,,,,,,,,,,,,,,,,,,,,,,,,,,,,,,,,,,,,,,,,,,,,,,ATUL,GRCL,
,,,,,,,,,,,,,,,,,,,,,,,,,,,,,,,,,,,,,,,,,,,,,,,,,,,,,,,,,,,,,FORTIS,ACCENTMIC,
,,,,,,,,,,,,,,,,,,,,,,,,,,,,,,,,,,,,,,,,,,,,,,,,,,,,,,,,,,,,,TARIL,USASEEDS,
,,,,,,,,,,,,,,,,,,,,,,,,,,,,,,,,,,,,,,,,,,,,,,,,,,,,,,,,,,,,,SONATSOFTW,APRAMEYA,
,,,,,,,,,,,,,,,,,,,,,,,,,,,,,,,,,,,,,,,,,,,,,,,,,,,,,,,,,,,,,EMCURE,ANONDITA,
,,,,,,,,,,,,,,,,,,,,,,,,,,,,,,,,,,,,,,,,,,,,,,,,,,,,,,,,,,,,,JWL,DRONE,
,,,,,,,,,,,,,,,,,,,,,,,,,,,,,,,,,,,,,,,,,,,,,,,,,,,,,,,,,,,,,3MINDIA,RBS,
,,,,,,,,,,,,,,,,,,,,,,,,,,,,,,,,,,,,,,,,,,,,,,,,,,,,,,,,,,,,,PATANJALI,GOYALSALT,
,,,,,,,,,,,,,,,,,,,,,,,,,,,,,,,,,,,,,,,,,,,,,,,,,,,,,,,,,,,,,CRISIL,NMSTEEL,
,,,,,,,,,,,,,,,,,,,,,,,,,,,,,,,,,,,,,,,,,,,,,,,,,,,,,,,,,,,,,GODREJCP,SCML,
,,,,,,,,,,,,,,,,,,,,,,,,,,,,,,,,,,,,,,,,,,,,,,,,,,,,,,,,,,,,,SWIGGY,VERTEXPLUS,
,,,,,,,,,,,,,,,,,,,,,,,,,,,,,,,,,,,,,,,,,,,,,,,,,,,,,,,,,,,,,GSPL,TCL,
,,,,,,,,,,,,,,,,,,,,,,,,,,,,,,,,,,,,,,,,,,,,,,,,,,,,,,,,,,,,,MOTHERSON,OSELDEVICE,
,,,,,,,,,,,,,,,,,,,,,,,,,,,,,,,,,,,,,,,,,,,,,,,,,,,,,,,,,,,,,HEROMOTOCO,GGBL,
,,,,,,,,,,,,,,,,,,,,,,,,,,,,,,,,,,,,,,,,,,,,,,,,,,,,,,,,,,,,,AKZOINDIA,SUBAHOTELS,
,,,,,,,,,,,,,,,,,,,,,,,,,,,,,,,,,,,,,,,,,,,,,,,,,,,,,,,,,,,,,TCS,INTEGRITY,
,,,,,,,,,,,,,,,,,,,,,,,,,,,,,,,,,,,,,,,,,,,,,,,,,,,,,,,,,,,,,DRREDDY,JEYYAM,
,,,,,,,,,,,,,,,,,,,,,,,,,,,,,,,,,,,,,,,,,,,,,,,,,,,,,,,,,,,,,VMM,PURPLEUTED,
,,,,,,,,,,,,,,,,,,,,,,,,,,,,,,,,,,,,,,,,,,,,,,,,,,,,,,,,,,,,,BLUESTARCO,SURANI,
,,,,,,,,,,,,,,,,,,,,,,,,,,,,,,,,,,,,,,,,,,,,,,,,,,,,,,,,,,,,,TIMKEN,SYNOPTICS,
,,,,,,,,,,,,,,,,,,,,,,,,,,,,,,,,,,,,,,,,,,,,,,,,,,,,,,,,,,,,,JINDALSTEL,RICHA,
,,,,,,,,,,,,,,,,,,,,,,,,,,,,,,,,,,,,,,,,,,,,,,,,,,,,,,,,,,,,,AFCONS,EFORCE,
,,,,,,,,,,,,,,,,,,,,,,,,,,,,,,,,,,,,,,,,,,,,,,,,,,,,,,,,,,,,,WHIRLPOOL,BAWEJA,
,,,,,,,,,,,,,,,,,,,,,,,,,,,,,,,,,,,,,,,,,,,,,,,,,,,,,,,,,,,,,AJANTPHARM,NAMAN,
,,,,,,,,,,,,,,,,,,,,,,,,,,,,,,,,,,,,,,,,,,,,,,,,,,,,,,,,,,,,,SRF,BIRDYS,
,,,,,,,,,,,,,,,,,,,,,,,,,,,,,,,,,,,,,,,,,,,,,,,,,,,,,,,,,,,,,LINDEINDIA,GML,
,,,,,,,,,,,,,,,,,,,,,,,,,,,,,,,,,,,,,,,,,,,,,,,,,,,,,,,,,,,,,METROPOLIS,EFACTOR,
,,,,,,,,,,,,,,,,,,,,,,,,,,,,,,,,,,,,,,,,,,,,,,,,,,,,,,,,,,,,,BIKAJI,VELS,
,,,,,,,,,,,,,,,,,,,,,,,,,,,,,,,,,,,,,,,,,,,,,,,,,,,,,,,,,,,,,AKUMS,CMRSL,
,,,,,,,,,,,,,,,,,,,,,,,,,,,,,,,,,,,,,,,,,,,,,,,,,,,,,,,,,,,,,PGHH,CLASSICEIL,
,,,,,,,,,,,,,,,,,,,,,,,,,,,,,,,,,,,,,,,,,,,,,,,,,,,,,,,,,,,,,APOLLOTYRE,K2INFRA,
,,,,,,,,,,,,,,,,,,,,,,,,,,,,,,,,,,,,,,,,,,,,,,,,,,,,,,,,,,,,,NATIONALUM,IPSL,
,,,,,,,,,,,,,,,,,,,,,,,,,,,,,,,,,,,,,,,,,,,,,,,,,,,,,,,,,,,,,ABFRL,SHETHJI,
,,,,,,,,,,,,,,,,,,,,,,,,,,,,,,,,,,,,,,,,,,,,,,,,,,,,,,,,,,,,,BRITANNIA,DOLLEX,
,,,,,,,,,,,,,,,,,,,,,,,,,,,,,,,,,,,,,,,,,,,,,,,,,,,,,,,,,,,,,SUZLON,SADHAV,
,,,,,,,,,,,,,,,,,,,,,,,,,,,,,,,,,,,,,,,,,,,,,,,,,,,,,,,,,,,,,IGL,ASLIND,
,,,,,,,,,,,,,,,,,,,,,,,,,,,,,,,,,,,,,,,,,,,,,,,,,,,,,,,,,,,,,JYOTHYLAB,ETML,
,,,,,,,,,,,,,,,,,,,,,,,,,,,,,,,,,,,,,,,,,,,,,,,,,,,,,,,,,,,,,ONGC,KKVAPOW,
,,,,,,,,,,,,,,,,,,,,,,,,,,,,,,,,,,,,,,,,,,,,,,,,,,,,,,,,,,,,,FINCABLES,SHKSIL,
,,,,,,,,,,,,,,,,,,,,,,,,,,,,,,,,,,,,,,,,,,,,,,,,,,,,,,,,,,,,,PERSISTENT,DHTL,
,,,,,,,,,,,,,,,,,,,,,,,,,,,,,,,,,,,,,,,,,,,,,,,,,,,,,,,,,,,,,ALKEM,ASCOM,
,,,,,,,,,,,,,,,,,,,,,,,,,,,,,,,,,,,,,,,,,,,,,,,,,,,,,,,,,,,,,APARINDS,BMETRICS,
,,,,,,,,,,,,,,,,,,,,,,,,,,,,,,,,,,,,,,,,,,,,,,,,,,,,,,,,,,,,,HAVELLS,ABHAPOWER,
,,,,,,,,,,,,,,,,,,,,,,,,,,,,,,,,,,,,,,,,,,,,,,,,,,,,,,,,,,,,,SWANCORP,RBMINFRA,
,,,,,,,,,,,,,,,,,,,,,,,,,,,,,,,,,,,,,,,,,,,,,,,,,,,,,,,,,,,,,GRANULES,ESPRIT,
,,,,,,,,,,,,,,,,,,,,,,,,,,,,,,,,,,,,,,,,,,,,,,,,,,,,,,,,,,,,,TRIDENT,ARHAM,
,,,,,,,,,,,,,,,,,,,,,,,,,,,,,,,,,,,,,,,,,,,,,,,,,,,,,,,,,,,,,ATGL,USHAFIN,
,,,,,,,,,,,,,,,,,,,,,,,,,,,,,,,,,,,,,,,,,,,,,,,,,,,,,,,,,,,,,HINDCOPPER,VIJAYPD,
,,,,,,,,,,,,,,,,,,,,,,,,,,,,,,,,,,,,,,,,,,,,,,,,,,,,,,,,,,,,,LODHA,AGNI,
,,,,,,,,,,,,,,,,,,,,,,,,,,,,,,,,,,,,,,,,,,,,,,,,,,,,,,,,,,,,,,PENTAGON,
,,,,,,,,,,,,,,,,,,,,,,,,,,,,,,,,,,,,,,,,,,,,,,,,,,,,,,,,,,,,,,KANDARP,
,,,,,,,,,,,,,,,,,,,,,,,,,,,,,,,,,,,,,,,,,,,,,,,,,,,,,,,,,,,,,,VDEAL,
,,,,,,,,,,,,,,,,,,,,,,,,,,,,,,,,,,,,,,,,,,,,,,,,,,,,,,,,,,,,,,PRANIK,
,,,,,,,,,,,,,,,,,,,,,,,,,,,,,,,,,,,,,,,,,,,,,,,,,,,,,,,,,,,,,,BIKEWO,
,,,,,,,,,,,,,,,,,,,,,,,,,,,,,,,,,,,,,,,,,,,,,,,,,,,,,,,,,,,,,,RCDL,
,,,,,,,,,,,,,,,,,,,,,,,,,,,,,,,,,,,,,,,,,,,,,,,,,,,,,,,,,,,,,,VILAS,
,,,,,,,,,,,,,,,,,,,,,,,,,,,,,,,,,,,,,,,,,,,,,,,,,,,,,,,,,,,,,,OMFURN,
,,,,,,,,,,,,,,,,,,,,,,,,,,,,,,,,,,,,,,,,,,,,,,,,,,,,,,,,,,,,,,SHERA,
,,,,,,,,,,,,,,,,,,,,,,,,,,,,,,,,,,,,,,,,,,,,,,,,,,,,,,,,,,,,,,ITALIANE,
,,,,,,,,,,,,,,,,,,,,,,,,,,,,,,,,,,,,,,,,,,,,,,,,,,,,,,,,,,,,,,VLINFRA,
,,,,,,,,,,,,,,,,,,,,,,,,,,,,,,,,,,,,,,,,,,,,,,,,,,,,,,,,,,,,,,DANISH,
,,,,,,,,,,,,,,,,,,,,,,,,,,,,,,,,,,,,,,,,,,,,,,,,,,,,,,,,,,,,,,BARFLEX,
,,,,,,,,,,,,,,,,,,,,,,,,,,,,,,,,,,,,,,,,,,,,,,,,,,,,,,,,,,,,,,SHEEL,
,,,,,,,,,,,,,,,,,,,,,,,,,,,,,,,,,,,,,,,,,,,,,,,,,,,,,,,,,,,,,,INDIFRA,
,,,,,,,,,,,,,,,,,,,,,,,,,,,,,,,,,,,,,,,,,,,,,,,,,,,,,,,,,,,,,,MAYASHEEL,
,,,,,,,,,,,,,,,,,,,,,,,,,,,,,,,,,,,,,,,,,,,,,,,,,,,,,,,,,,,,,,MANDEEP,
,,,,,,,,,,,,,,,,,,,,,,,,,,,,,,,,,,,,,,,,,,,,,,,,,,,,,,,,,,,,,,PARAMATRIX,
,,,,,,,,,,,,,,,,,,,,,,,,,,,,,,,,,,,,,,,,,,,,,,,,,,,,,,,,,,,,,,ZEAL,
,,,,,,,,,,,,,,,,,,,,,,,,,,,,,,,,,,,,,,,,,,,,,,,,,,,,,,,,,,,,,,DESTINY,
,,,,,,,,,,,,,,,,,,,,,,,,,,,,,,,,,,,,,,,,,,,,,,,,,,,,,,,,,,,,,,POLYSIL,
,,,,,,,,,,,,,,,,,,,,,,,,,,,,,,,,,,,,,,,,,,,,,,,,,,,,,,,,,,,,,,SIDDHICOTS,
,,,,,,,,,,,,,,,,,,,,,,,,,,,,,,,,,,,,,,,,,,,,,,,,,,,,,,,,,,,,,,SAVY,
,,,,,,,,,,,,,,,,,,,,,,,,,,,,,,,,,,,,,,,,,,,,,,,,,,,,,,,,,,,,,,ALPEXSOLAR,
,,,,,,,,,,,,,,,,,,,,,,,,,,,,,,,,,,,,,,,,,,,,,,,,,,,,,,,,,,,,,,SACHEEROME,
,,,,,,,,,,,,,,,,,,,,,,,,,,,,,,,,,,,,,,,,,,,,,,,,,,,,,,,,,,,,,,MANAV,
,,,,,,,,,,,,,,,,,,,,,,,,,,,,,,,,,,,,,,,,,,,,,,,,,,,,,,,,,,,,,,CRAYONS,
,,,,,,,,,,,,,,,,,,,,,,,,,,,,,,,,,,,,,,,,,,,,,,,,,,,,,,,,,,,,,,AVIANSH,
,,,,,,,,,,,,,,,,,,,,,,,,,,,,,,,,,,,,,,,,,,,,,,,,,,,,,,,,,,,,,,PPSL,
,,,,,,,,,,,,,,,,,,,,,,,,,,,,,,,,,,,,,,,,,,,,,,,,,,,,,,,,,,,,,,SAROJA,
,,,,,,,,,,,,,,,,,,,,,,,,,,,,,,,,,,,,,,,,,,,,,,,,,,,,,,,,,,,,,,FONEBOX,
,,,,,,,,,,,,,,,,,,,,,,,,,,,,,,,,,,,,,,,,,,,,,,,,,,,,,,,,,,,,,,NAMOEWASTE,
,,,,,,,,,,,,,,,,,,,,,,,,,,,,,,,,,,,,,,,,,,,,,,,,,,,,,,,,,,,,,,GCHOTELS,
,,,,,,,,,,,,,,,,,,,,,,,,,,,,,,,,,,,,,,,,,,,,,,,,,,,,,,,,,,,,,,AISL,
,,,,,,,,,,,,,,,,,,,,,,,,,,,,,,,,,,,,,,,,,,,,,,,,,,,,,,,,,,,,,,ORIANA,
,,,,,,,,,,,,,,,,,,,,,,,,,,,,,,,,,,,,,,,,,,,,,,,,,,,,,,,,,,,,,,ELGNZ,
,,,,,,,,,,,,,,,,,,,,,,,,,,,,,,,,,,,,,,,,,,,,,,,,,,,,,,,,,,,,,,NIRMAN,
,,,,,,,,,,,,,,,,,,,,,,,,,,,,,,,,,,,,,,,,,,,,,,,,,,,,,,,,,,,,,,NEPHROCARE,
,,,,,,,,,,,,,,,,,,,,,,,,,,,,,,,,,,,,,,,,,,,,,,,,,,,,,,,,,,,,,,PARAMOUNT,
,,,,,,,,,,,,,,,,,,,,,,,,,,,,,,,,,,,,,,,,,,,,,,,,,,,,,,,,,,,,,,AMEYA,
,,,,,,,,,,,,,,,,,,,,,,,,,,,,,,,,,,,,,,,,,,,,,,,,,,,,,,,,,,,,,,RNPL,
,,,,,,,,,,,,,,,,,,,,,,,,,,,,,,,,,,,,,,,,,,,,,,,,,,,,,,,,,,,,,,VGINFOTECH,
,,,,,,,,,,,,,,,,,,,,,,,,,,,,,,,,,,,,,,,,,,,,,,,,,,,,,,,,,,,,,,QFIL,
,,,,,,,,,,,,,,,,,,,,,,,,,,,,,,,,,,,,,,,,,,,,,,,,,,,,,,,,,,,,,,GPECO,
,,,,,,,,,,,,,,,,,,,,,,,,,,,,,,,,,,,,,,,,,,,,,,,,,,,,,,,,,,,,,,SPRL,
,,,,,,,,,,,,,,,,,,,,,,,,,,,,,,,,,,,,,,,,,,,,,,,,,,,,,,,,,,,,,,FORCAS,
,,,,,,,,,,,,,,,,,,,,,,,,,,,,,,,,,,,,,,,,,,,,,,,,,,,,,,,,,,,,,,AMBEY,
,,,,,,,,,,,,,,,,,,,,,,,,,,,,,,,,,,,,,,,,,,,,,,,,,,,,,,,,,,,,,,ANYA,
,,,,,,,,,,,,,,,,,,,,,,,,,,,,,,,,,,,,,,,,,,,,,,,,,,,,,,,,,,,,,,INM,
,,,,,,,,,,,,,,,,,,,,,,,,,,,,,,,,,,,,,,,,,,,,,,,,,,,,,,,,,,,,,,SILKY,
,,,,,,,,,,,,,,,,,,,,,,,,,,,,,,,,,,,,,,,,,,,,,,,,,,,,,,,,,,,,,,ARVINDPORT,
,,,,,,,,,,,,,,,,,,,,,,,,,,,,,,,,,,,,,,,,,,,,,,,,,,,,,,,,,,,,,,OBSCP,
,,,,,,,,,,,,,,,,,,,,,,,,,,,,,,,,,,,,,,,,,,,,,,,,,,,,,,,,,,,,,,MAGSON,
,,,,,,,,,,,,,,,,,,,,,,,,,,,,,,,,,,,,,,,,,,,,,,,,,,,,,,,,,,,,,,GIRIRAJ,
,,,,,,,,,,,,,,,,,,,,,,,,,,,,,,,,,,,,,,,,,,,,,,,,,,,,,,,,,,,,,,BABAFP,
,,,,,,,,,,,,,,,,,,,,,,,,,,,,,,,,,,,,,,,,,,,,,,,,,,,,,,,,,,,,,,FROG,
,,,,,,,,,,,,,,,,,,,,,,,,,,,,,,,,,,,,,,,,,,,,,,,,,,,,,,,,,,,,,,NRVANDANA,
,,,,,,,,,,,,,,,,,,,,,,,,,,,,,,,,,,,,,,,,,,,,,,,,,,,,,,,,,,,,,,MEGAFLEX,
,,,,,,,,,,,,,,,,,,,,,,,,,,,,,,,,,,,,,,,,,,,,,,,,,,,,,,,,,,,,,,TAC,
,,,,,,,,,,,,,,,,,,,,,,,,,,,,,,,,,,,,,,,,,,,,,,,,,,,,,,,,,,,,,,PARAMPARA,
,,,,,,,,,,,,,,,,,,,,,,,,,,,,,,,,,,,,,,,,,,,,,,,,,,,,,,,,,,,,,,ARISTO,
,,,,,,,,,,,,,,,,,,,,,,,,,,,,,,,,,,,,,,,,,,,,,,,,,,,,,,,,,,,,,,SATKARTAR,
,,,,,,,,,,,,,,,,,,,,,,,,,,,,,,,,,,,,,,,,,,,,,,,,,,,,,,,,,,,,,,PCCL,
,,,,,,,,,,,,,,,,,,,,,,,,,,,,,,,,,,,,,,,,,,,,,,,,,,,,,,,,,,,,,,FRESHARA,
,,,,,,,,,,,,,,,,,,,,,,,,,,,,,,,,,,,,,,,,,,,,,,,,,,,,,,,,,,,,,,SHIGAN,
,,,,,,,,,,,,,,,,,,,,,,,,,,,,,,,,,,,,,,,,,,,,,,,,,,,,,,,,,,,,,,SATIPOLY,
,,,,,,,,,,,,,,,,,,,,,,,,,,,,,,,,,,,,,,,,,,,,,,,,,,,,,,,,,,,,,,SILKFLEX,
,,,,,,,,,,,,,,,,,,,,,,,,,,,,,,,,,,,,,,,,,,,,,,,,,,,,,,,,,,,,,,ATCENERGY,
,,,,,,,,,,,,,,,,,,,,,,,,,,,,,,,,,,,,,,,,,,,,,,,,,,,,,,,,,,,,,,REXPRO,
,,,,,,,,,,,,,,,,,,,,,,,,,,,,,,,,,,,,,,,,,,,,,,,,,,,,,,,,,,,,,,SHUBHLAXMI,
,,,,,,,,,,,,,,,,,,,,,,,,,,,,,,,,,,,,,,,,,,,,,,,,,,,,,,,,,,,,,,NEPTUNE,
,,,,,,,,,,,,,,,,,,,,,,,,,,,,,,,,,,,,,,,,,,,,,,,,,,,,,,,,,,,,,,SWASTIK,
,,,,,,,,,,,,,,,,,,,,,,,,,,,,,,,,,,,,,,,,,,,,,,,,,,,,,,,,,,,,,,ANNAPURNA,
,,,,,,,,,,,,,,,,,,,,,,,,,,,,,,,,,,,,,,,,,,,,,,,,,,,,,,,,,,,,,,UMA,
,,,,,,,,,,,,,,,,,,,,,,,,,,,,,,,,,,,,,,,,,,,,,,,,,,,,,,,,,,,,,,RITEZONE,
,,,,,,,,,,,,,,,,,,,,,,,,,,,,,,,,,,,,,,,,,,,,,,,,,,,,,,,,,,,,,,ECOLINE,
,,,,,,,,,,,,,,,,,,,,,,,,,,,,,,,,,,,,,,,,,,,,,,,,,,,,,,,,,,,,,,MASON,
,,,,,,,,,,,,,,,,,,,,,,,,,,,,,,,,,,,,,,,,,,,,,,,,,,,,,,,,,,,,,,INFOLLION,
,,,,,,,,,,,,,,,,,,,,,,,,,,,,,,,,,,,,,,,,,,,,,,,,,,,,,,,,,,,,,,JAYESH,
,,,,,,,,,,,,,,,,,,,,,,,,,,,,,,,,,,,,,,,,,,,,,,,,,,,,,,,,,,,,,,IWARE,
,,,,,,,,,,,,,,,,,,,,,,,,,,,,,,,,,,,,,,,,,,,,,,,,,,,,,,,,,,,,,,ACTIVEINFR,
,,,,,,,,,,,,,,,,,,,,,,,,,,,,,,,,,,,,,,,,,,,,,,,,,,,,,,,,,,,,,,WINSOL,
,,,,,,,,,,,,,,,,,,,,,,,,,,,,,,,,,,,,,,,,,,,,,,,,,,,,,,,,,,,,,,AATMAJ,
,,,,,,,,,,,,,,,,,,,,,,,,,,,,,,,,,,,,,,,,,,,,,,,,,,,,,,,,,,,,,,TUNWAL,
,,,,,,,,,,,,,,,,,,,,,,,,,,,,,,,,,,,,,,,,,,,,,,,,,,,,,,,,,,,,,,ENSER,
,,,,,,,,,,,,,,,,,,,,,,,,,,,,,,,,,,,,,,,,,,,,,,,,,,,,,,,,,,,,,,ASPIRE,
,,,,,,,,,,,,,,,,,,,,,,,,,,,,,,,,,,,,,,,,,,,,,,,,,,,,,,,,,,,,,,REMUS,
,,,,,,,,,,,,,,,,,,,,,,,,,,,,,,,,,,,,,,,,,,,,,,,,,,,,,,,,,,,,,,RILINFRA,
,,,,,,,,,,,,,,,,,,,,,,,,,,,,,,,,,,,,,,,,,,,,,,,,,,,,,,,,,,,,,,CONTI,
,,,,,,,,,,,,,,,,,,,,,,,,,,,,,,,,,,,,,,,,,,,,,,,,,,,,,,,,,,,,,,AMIABLE,
,,,,,,,,,,,,,,,,,,,,,,,,,,,,,,,,,,,,,,,,,,,,,,,,,,,,,,,,,,,,,,WOL3D,
,,,,,,,,,,,,,,,,,,,,,,,,,,,,,,,,,,,,,,,,,,,,,,,,,,,,,,,,,,,,,,INSPIRE,
,,,,,,,,,,,,,,,,,,,,,,,,,,,,,,,,,,,,,,,,,,,,,,,,,,,,,,,,,,,,,,ARCIIL,
,,,,,,,,,,,,,,,,,,,,,,,,,,,,,,,,,,,,,,,,,,,,,,,,,,,,,,,,,,,,,,THESL,
,,,,,,,,,,,,,,,,,,,,,,,,,,,,,,,,,,,,,,,,,,,,,,,,,,,,,,,,,,,,,,FOCE,
,,,,,,,,,,,,,,,,,,,,,,,,,,,,,,,,,,,,,,,,,,,,,,,,,,,,,,,,,,,,,,AVPINFRA,
,,,,,,,,,,,,,,,,,,,,,,,,,,,,,,,,,,,,,,,,,,,,,,,,,,,,,,,,,,,,,,GRAPHISAD,
,,,,,,,,,,,,,,,,,,,,,,,,,,,,,,,,,,,,,,,,,,,,,,,,,,,,,,,,,,,,,,REXPIPES,
,,,,,,,,,,,,,,,,,,,,,,,,,,,,,,,,,,,,,,,,,,,,,,,,,,,,,,,,,,,,,,IBLFL,
,,,,,,,,,,,,,,,,,,,,,,,,,,,,,,,,,,,,,,,,,,,,,,,,,,,,,,,,,,,,,,FLYSBS,
,,,,,,,,,,,,,,,,,,,,,,,,,,,,,,,,,,,,,,,,,,,,,,,,,,,,,,,,,,,,,,MONOPHARMA,
,,,,,,,,,,,,,,,,,,,,,,,,,,,,,,,,,,,,,,,,,,,,,,,,,,,,,,,,,,,,,,PARTH,
,,,,,,,,,,,,,,,,,,,,,,,,,,,,,,,,,,,,,,,,,,,,,,,,,,,,,,,,,,,,,,DEEM,
,,,,,,,,,,,,,,,,,,,,,,,,,,,,,,,,,,,,,,,,,,,,,,,,,,,,,,,,,,,,,,TBI,
,,,,,,,,,,,,,,,,,,,,,,,,,,,,,,,,,,,,,,,,,,,,,,,,,,,,,,,,,,,,,,SAHAJSOLAR,
,,,,,,,,,,,,,,,,,,,,,,,,,,,,,,,,,,,,,,,,,,,,,,,,,,,,,,,,,,,,,,EEPL,
,,,,,,,,,,,,,,,,,,,,,,,,,,,,,,,,,,,,,,,,,,,,,,,,,,,,,,,,,,,,,,MAXVOLT,
,,,,,,,,,,,,,,,,,,,,,,,,,,,,,,,,,,,,,,,,,,,,,,,,,,,,,,,,,,,,,,SONUINFRA,
,,,,,,,,,,,,,,,,,,,,,,,,,,,,,,,,,,,,,,,,,,,,,,,,,,,,,,,,,,,,,,GREENLEAF,
,,,,,,,,,,,,,,,,,,,,,,,,,,,,,,,,,,,,,,,,,,,,,,,,,,,,,,,,,,,,,,MADHUSUDAN,
,,,,,,,,,,,,,,,,,,,,,,,,,,,,,,,,,,,,,,,,,,,,,,,,,,,,,,,,,,,,,,MACOBSTECH,
,,,,,,,,,,,,,,,,,,,,,,,,,,,,,,,,,,,,,,,,,,,,,,,,,,,,,,,,,,,,,,DHARIWAL,
,,,,,,,,,,,,,,,,,,,,,,,,,,,,,,,,,,,,,,,,,,,,,,,,,,,,,,,,,,,,,,SAHANA,
,,,,,,,,,,,,,,,,,,,,,,,,,,,,,,,,,,,,,,,,,,,,,,,,,,,,,,,,,,,,,,SARTELE,
,,,,,,,,,,,,,,,,,,,,,,,,,,,,,,,,,,,,,,,,,,,,,,,,,,,,,,,,,,,,,,PROFX,
,,,,,,,,,,,,,,,,,,,,,,,,,,,,,,,,,,,,,,,,,,,,,,,,,,,,,,,,,,,,,,AUROIMPEX,
,,,,,,,,,,,,,,,,,,,,,,,,,,,,,,,,,,,,,,,,,,,,,,,,,,,,,,,,,,,,,,AUSL,
,,,,,,,,,,,,,,,,,,,,,,,,,,,,,,,,,,,,,,,,,,,,,,,,,,,,,,,,,,,,,,BEACON,
,,,,,,,,,,,,,,,,,,,,,,,,,,,,,,,,,,,,,,,,,,,,,,,,,,,,,,,,,,,,,,BULKCORP,
,,,,,,,,,,,,,,,,,,,,,,,,,,,,,,,,,,,,,,,,,,,,,,,,,,,,,,,,,,,,,,KODYTECH,
,,,,,,,,,,,,,,,,,,,,,,,,,,,,,,,,,,,,,,,,,,,,,,,,,,,,,,,,,,,,,,EMKAYTOOLS,
,,,,,,,,,,,,,,,,,,,,,,,,,,,,,,,,,,,,,,,,,,,,,,,,,,,,,,,,,,,,,,ALLETEC,
,,,,,,,,,,,,,,,,,,,,,,,,,,,,,,,,,,,,,,,,,,,,,,,,,,,,,,,,,,,,,,EMAPARTNER,
,,,,,,,,,,,,,,,,,,,,,,,,,,,,,,,,,,,,,,,,,,,,,,,,,,,,,,,,,,,,,,GSMFOILS,
,,,,,,,,,,,,,,,,,,,,,,,,,,,,,,,,,,,,,,,,,,,,,,,,,,,,,,,,,,,,,,APS,
,,,,,,,,,,,,,,,,,,,,,,,,,,,,,,,,,,,,,,,,,,,,,,,,,,,,,,,,,,,,,,TRIDHYA,
,,,,,,,,,,,,,,,,,,,,,,,,,,,,,,,,,,,,,,,,,,,,,,,,,,,,,,,,,,,,,,GANGABATH,
,,,,,,,,,,,,,,,,,,,,,,,,,,,,,,,,,,,,,,,,,,,,,,,,,,,,,,,,,,,,,,ALUWIND,
,,,,,,,,,,,,,,,,,,,,,,,,,,,,,,,,,,,,,,,,,,,,,,,,,,,,,,,,,,,,,,HIGREEN,
,,,,,,,,,,,,,,,,,,,,,,,,,,,,,,,,,,,,,,,,,,,,,,,,,,,,,,,,,,,,,,MPEL,
,,,,,,,,,,,,,,,,,,,,,,,,,,,,,,,,,,,,,,,,,,,,,,,,,,,,,,,,,,,,,,SHRIAHIMSA,
,,,,,,,,,,,,,,,,,,,,,,,,,,,,,,,,,,,,,,,,,,,,,,,,,,,,,,,,,,,,,,SHIVASHRIT,
,,,,,,,,,,,,,,,,,,,,,,,,,,,,,,,,,,,,,,,,,,,,,,,,,,,,,,,,,,,,,,SIGNORIA,
,,,,,,,,,,,,,,,,,,,,,,,,,,,,,,,,,,,,,,,,,,,,,,,,,,,,,,,,,,,,,,IEML,
,,,,,,,,,,,,,,,,,,,,,,,,,,,,,,,,,,,,,,,,,,,,,,,,,,,,,,,,,,,,,,CURRENT,
,,,,,,,,,,,,,,,,,,,,,,,,,,,,,,,,,,,,,,,,,,,,,,,,,,,,,,,,,,,,,,KCK,
,,,,,,,,,,,,,,,,,,,,,,,,,,,,,,,,,,,,,,,,,,,,,,,,,,,,,,,,,,,,,,CHETANA,
,,,,,,,,,,,,,,,,,,,,,,,,,,,,,,,,,,,,,,,,,,,,,,,,,,,,,,,,,,,,,,EXCELLENT,
,,,,,,,,,,,,,,,,,,,,,,,,,,,,,,,,,,,,,,,,,,,,,,,,,,,,,,,,,,,,,,STUDIOLSD,
,,,,,,,,,,,,,,,,,,,,,,,,,,,,,,,,,,,,,,,,,,,,,,,,,,,,,,,,,,,,,,KRISHCA,
,,,,,,,,,,,,,,,,,,,,,,,,,,,,,,,,,,,,,,,,,,,,,,,,,,,,,,,,,,,,,,DTL,
,,,,,,,,,,,,,,,,,,,,,,,,,,,,,,,,,,,,,,,,,,,,,,,,,,,,,,,,,,,,,,PRATHAM,
,,,,,,,,,,,,,,,,,,,,,,,,,,,,,,,,,,,,,,,,,,,,,,,,,,,,,,,,,,,,,,RADIOWALLA,
,,,,,,,,,,,,,,,,,,,,,,,,,,,,,,,,,,,,,,,,,,,,,,,,,,,,,,,,,,,,,,PSFL,
,,,,,,,,,,,,,,,,,,,,,,,,,,,,,,,,,,,,,,,,,,,,,,,,,,,,,,,,,,,,,,JAINIK,
,,,,,,,,,,,,,,,,,,,,,,,,,,,,,,,,,,,,,,,,,,,,,,,,,,,,,,,,,,,,,,INFINIUM,
,,,,,,,,,,,,,,,,,,,,,,,,,,,,,,,,,,,,,,,,,,,,,,,,,,,,,,,,,,,,,,ATMASTCO,
,,,,,,,,,,,,,,,,,,,,,,,,,,,,,,,,,,,,,,,,,,,,,,,,,,,,,,,,,,,,,,VINYAS,
,,,,,,,,,,,,,,,,,,,,,,,,,,,,,,,,,,,,,,,,,,,,,,,,,,,,,,,,,,,,,,JALAN,
,,,,,,,,,,,,,,,,,,,,,,,,,,,,,,,,,,,,,,,,,,,,,,,,,,,,,,,,,,,,,,TEJASCARGO,
,,,,,,,,,,,,,,,,,,,,,,,,,,,,,,,,,,,,,,,,,,,,,,,,,,,,,,,,,,,,,,ACCORD,
,,,,,,,,,,,,,,,,,,,,,,,,,,,,,,,,,,,,,,,,,,,,,,,,,,,,,,,,,,,,,,KDL,
,,,,,,,,,,,,,,,,,,,,,,,,,,,,,,,,,,,,,,,,,,,,,,,,,,,,,,,,,,,,,,KCEIL,
,,,,,,,,,,,,,,,,,,,,,,,,,,,,,,,,,,,,,,,,,,,,,,,,,,,,,,,,,,,,,,VILINBIO,
,,,,,,,,,,,,,,,,,,,,,,,,,,,,,,,,,,,,,,,,,,,,,,,,,,,,,,,,,,,,,,AARADHYA,
,,,,,,,,,,,,,,,,,,,,,,,,,,,,,,,,,,,,,,,,,,,,,,,,,,,,,,,,,,,,,,VISHWAS,
,,,,,,,,,,,,,,,,,,,,,,,,,,,,,,,,,,,,,,,,,,,,,,,,,,,,,,,,,,,,,,SATECH,
,,,,,,,,,,,,,,,,,,,,,,,,,,,,,,,,,,,,,,,,,,,,,,,,,,,,,,,,,,,,,,ONYX,
,,,,,,,,,,,,,,,,,,,,,,,,,,,,,,,,,,,,,,,,,,,,,,,,,,,,,,,,,,,,,,SHREEOSFM,
,,,,,,,,,,,,,,,,,,,,,,,,,,,,,,,,,,,,,,,,,,,,,,,,,,,,,,,,,,,,,,ROXHITECH,
,,,,,,,,,,,,,,,,,,,,,,,,,,,,,,,,,,,,,,,,,,,,,,,,,,,,,,,,,,,,,,ZTECH,
,,,,,,,,,,,,,,,,,,,,,,,,,,,,,,,,,,,,,,,,,,,,,,,,,,,,,,,,,,,,,,MGSL,
,,,,,,,,,,,,,,,,,,,,,,,,,,,,,,,,,,,,,,,,,,,,,,,,,,,,,,,,,,,,,,SAMAY,
,,,,,,,,,,,,,,,,,,,,,,,,,,,,,,,,,,,,,,,,,,,,,,,,,,,,,,,,,,,,,,AGARWALTUF,
,,,,,,,,,,,,,,,,,,,,,,,,,,,,,,,,,,,,,,,,,,,,,,,,,,,,,,,,,,,,,,CELLECOR,
,,,,,,,,,,,,,,,,,,,,,,,,,,,,,,,,,,,,,,,,,,,,,,,,,,,,,,,,,,,,,,ONDOOR,
,,,,,,,,,,,,,,,,,,,,,,,,,,,,,,,,,,,,,,,,,,,,,,,,,,,,,,,,,,,,,,SMVD,
,,,,,,,,,,,,,,,,,,,,,,,,,,,,,,,,,,,,,,,,,,,,,,,,,,,,,,,,,,,,,,ESCONET,
,,,,,,,,,,,,,,,,,,,,,,,,,,,,,,,,,,,,,,,,,,,,,,,,,,,,,,,,,,,,,,GAJANAND,
,,,,,,,,,,,,,,,,,,,,,,,,,,,,,,,,,,,,,,,,,,,,,,,,,,,,,,,,,,,,,,ARIHANTACA,
,,,,,,,,,,,,,,,,,,,,,,,,,,,,,,,,,,,,,,,,,,,,,,,,,,,,,,,,,,,,,,MIEL,
,,,,,,,,,,,,,,,,,,,,,,,,,,,,,,,,,,,,,,,,,,,,,,,,,,,,,,,,,,,,,,ADDICTIVE,
,,,,,,,,,,,,,,,,,,,,,,,,,,,,,,,,,,,,,,,,,,,,,,,,,,,,,,,,,,,,,,BASILIC,
,,,,,,,,,,,,,,,,,,,,,,,,,,,,,,,,,,,,,,,,,,,,,,,,,,,,,,,,,,,,,,ENVIRO,
,,,,,,,,,,,,,,,,,,,,,,,,,,,,,,,,,,,,,,,,,,,,,,,,,,,,,,,,,,,,,,VMARCIND,
,,,,,,,,,,,,,,,,,,,,,,,,,,,,,,,,,,,,,,,,,,,,,,,,,,,,,,,,,,,,,,PRITIKA,
,,,,,,,,,,,,,,,,,,,,,,,,,,,,,,,,,,,,,,,,,,,,,,,,,,,,,,,,,,,,,,CMNL,
,,,,,,,,,,,,,,,,,,,,,,,,,,,,,,,,,,,,,,,,,,,,,,,,,,,,,,,,,,,,,,PULZ,
,,,,,,,,,,,,,,,,,,,,,,,,,,,,,,,,,,,,,,,,,,,,,,,,,,,,,,,,,,,,,,MOS,
,,,,,,,,,,,,,,,,,,,,,,,,,,,,,,,,,,,,,,,,,,,,,,,,,,,,,,,,,,,,,,DUCOL,
,,,,,,,,,,,,,,,,,,,,,,,,,,,,,,,,,,,,,,,,,,,,,,,,,,,,,,,,,,,,,,SYLVANPLY,
,,,,,,,,,,,,,,,,,,,,,,,,,,,,,,,,,,,,,,,,,,,,,,,,,,,,,,,,,,,,,,ACCPL,
,,,,,,,,,,,,,,,,,,,,,,,,,,,,,,,,,,,,,,,,,,,,,,,,,,,,,,,,,,,,,,COMMITTED,
,,,,,,,,,,,,,,,,,,,,,,,,,,,,,,,,,,,,,,,,,,,,,,,,,,,,,,,,,,,,,,SIDDHIKA,
,,,,,,,,,,,,,,,,,,,,,,,,,,,,,,,,,,,,,,,,,,,,,,,,,,,,,,,,,,,,,,LRRPL,
,,,,,,,,,,,,,,,,,,,,,,,,,,,,,,,,,,,,,,,,,,,,,,,,,,,,,,,,,,,,,,SAFEENTP,
,,,,,,,,,,,,,,,,,,,,,,,,,,,,,,,,,,,,,,,,,,,,,,,,,,,,,,,,,,,,,,MAL,
,,,,,,,,,,,,,,,,,,,,,,,,,,,,,,,,,,,,,,,,,,,,,,,,,,,,,,,,,,,,,,TECHERA,
,,,,,,,,,,,,,,,,,,,,,,,,,,,,,,,,,,,,,,,,,,,,,,,,,,,,,,,,,,,,,,BLUEPEBBLE,
,,,,,,,,,,,,,,,,,,,,,,,,,,,,,,,,,,,,,,,,,,,,,,,,,,,,,,,,,,,,,,KONTOR,
,,,,,,,,,,,,,,,,,,,,,,,,,,,,,,,,,,,,,,,,,,,,,,,,,,,,,,,,,,,,,,RNFI,
,,,,,,,,,,,,,,,,,,,,,,,,,,,,,,,,,,,,,,,,,,,,,,,,,,,,,,,,,,,,,,VISHNUINFR,
,,,,,,,,,,,,,,,,,,,,,,,,,,,,,,,,,,,,,,,,,,,,,,,,,,,,,,,,,,,,,,INNOMET,
,,,,,,,,,,,,,,,,,,,,,,,,,,,,,,,,,,,,,,,,,,,,,,,,,,,,,,,,,,,,,,BRACEPORT,
,,,,,,,,,,,,,,,,,,,,,,,,,,,,,,,,,,,,,,,,,,,,,,,,,,,,,,,,,,,,,,KKJEWELS,
,,,,,,,,,,,,,,,,,,,,,,,,,,,,,,,,,,,,,,,,,,,,,,,,,,,,,,,,,,,,,,SABAR,
,,,,,,,,,,,,,,,,,,,,,,,,,,,,,,,,,,,,,,,,,,,,,,,,,,,,,,,,,,,,,,GRETEX,
,,,,,,,,,,,,,,,,,,,,,,,,,,,,,,,,,,,,,,,,,,,,,,,,,,,,,,,,,,,,,,KEL,
,,,,,,,,,,,,,,,,,,,,,,,,,,,,,,,,,,,,,,,,,,,,,,,,,,,,,,,,,,,,,,PHANTOMFX,
,,,,,,,,,,,,,,,,,,,,,,,,,,,,,,,,,,,,,,,,,,,,,,,,,,,,,,,,,,,,,,LLOYDS,
,,,,,,,,,,,,,,,,,,,,,,,,,,,,,,,,,,,,,,,,,,,,,,,,,,,,,,,,,,,,,,HOMESFY,
,,,,,,,,,,,,,,,,,,,,,,,,,,,,,,,,,,,,,,,,,,,,,,,,,,,,,,,,,,,,,,FORGEAUTO,
,,,,,,,,,,,,,,,,,,,,,,,,,,,,,,,,,,,,,,,,,,,,,,,,,,,,,,,,,,,,,,GSTL,
,,,,,,,,,,,,,,,,,,,,,,,,,,,,,,,,,,,,,,,,,,,,,,,,,,,,,,,,,,,,,,COOLCAPS,
,,,,,,,,,,,,,,,,,,,,,,,,,,,,,,,,,,,,,,,,,,,,,,,,,,,,,,,,,,,,,,VSCL,
,,,,,,,,,,,,,,,,,,,,,,,,,,,,,,,,,,,,,,,,,,,,,,,,,,,,,,,,,,,,,,CURIS,
,,,,,,,,,,,,,,,,,,,,,,,,,,,,,,,,,,,,,,,,,,,,,,,,,,,,,,,,,,,,,,MAKS,
,,,,,,,,,,,,,,,,,,,,,,,,,,,,,,,,,,,,,,,,,,,,,,,,,,,,,,,,,,,,,,PSRAJ,
,,,,,,,,,,,,,,,,,,,,,,,,,,,,,,,,,,,,,,,,,,,,,,,,,,,,,,,,,,,,,,CHAMUNDA,
,,,,,,,,,,,,,,,,,,,,,,,,,,,,,,,,,,,,,,,,,,,,,,,,,,,,,,,,,,,,,,AMBANIORGO,
,,,,,,,,,,,,,,,,,,,,,,,,,,,,,,,,,,,,,,,,,,,,,,,,,,,,,,,,,,,,,,MADHAVBAUG,
,,,,,,,,,,,,,,,,,,,,,,,,,,,,,,,,,,,,,,,,,,,,,,,,,,,,,,,,,,,,,,DELTIC,
,,,,,,,,,,,,,,,,,,,,,,,,,,,,,,,,,,,,,,,,,,,,,,,,,,,,,,,,,,,,,,TANKUP,
,,,,,,,,,,,,,,,,,,,,,,,,,,,,,,,,,,,,,,,,,,,,,,,,,,,,,,,,,,,,,,SWARAJ,
,,,,,,,,,,,,,,,,,,,,,,,,,,,,,,,,,,,,,,,,,,,,,,,,,,,,,,,,,,,,,,AKANKSHA,
,,,,,,,,,,,,,,,,,,,,,,,,,,,,,,,,,,,,,,,,,,,,,,,,,,,,,,,,,,,,,,PARIN,
,,,,,,,,,,,,,,,,,,,,,,,,,,,,,,,,,,,,,,,,,,,,,,,,,,,,,,,,,,,,,,ASHALOG,
,,,,,,,,,,,,,,,,,,,,,,,,,,,,,,,,,,,,,,,,,,,,,,,,,,,,,,,,,,,,,,RULKA,
,,,,,,,,,,,,,,,,,,,,,,,,,,,,,,,,,,,,,,,,,,,,,,,,,,,,,,,,,,,,,,SUNLITE,
,,,,,,,,,,,,,,,,,,,,,,,,,,,,,,,,,,,,,,,,,,,,,,,,,,,,,,,,,,,,,,OPTIVALUE,
,,,,,,,,,,,,,,,,,,,,,,,,,,,,,,,,,,,,,,,,,,,,,,,,,,,,,,,,,,,,,,HOACFOODS,
,,,,,,,,,,,,,,,,,,,,,,,,,,,,,,,,,,,,,,,,,,,,,,,,,,,,,,,,,,,,,,SJLOGISTIC,
,,,,,,,,,,,,,,,,,,,,,,,,,,,,,,,,,,,,,,,,,,,,,,,,,,,,,,,,,,,,,,DKEGL,
,,,,,,,,,,,,,,,,,,,,,,,,,,,,,,,,,,,,,,,,,,,,,,,,,,,,,,,,,,,,,,BHADORA,
,,,,,,,,,,,,,,,,,,,,,,,,,,,,,,,,,,,,,,,,,,,,,,,,,,,,,,,,,,,,,,PARTYCRUS,
,,,,,,,,,,,,,,,,,,,,,,,,,,,,,,,,,,,,,,,,,,,,,,,,,,,,,,,,,,,,,,VIAZ,
,,,,,,,,,,,,,,,,,,,,,,,,,,,,,,,,,,,,,,,,,,,,,,,,,,,,,,,,,,,,,,ITTL,
,,,,,,,,,,,,,,,,,,,,,,,,,,,,,,,,,,,,,,,,,,,,,,,,,,,,,,,,,,,,,,TSC,
,,,,,,,,,,,,,,,,,,,,,,,,,,,,,,,,,,,,,,,,,,,,,,,,,,,,,,,,,,,,,,PROV,
,,,,,,,,,,,,,,,,,,,,,,,,,,,,,,,,,,,,,,,,,,,,,,,,,,,,,,,,,,,,,,CHAVDA,
,,,,,,,,,,,,,,,,,,,,,,,,,,,,,,,,,,,,,,,,,,,,,,,,,,,,,,,,,,,,,,KEN,
,,,,,,,,,,,,,,,,,,,,,,,,,,,,,,,,,,,,,,,,,,,,,,,,,,,,,,,,,,,,,,SEL,
,,,,,,,,,,,,,,,,,,,,,,,,,,,,,,,,,,,,,,,,,,,,,,,,,,,,,,,,,,,,,,PRAMARA,
,,,,,,,,,,,,,,,,,,,,,,,,,,,,,,,,,,,,,,,,,,,,,,,,,,,,,,,,,,,,,,CUDML,
,,,,,,,,,,,,,,,,,,,,,,,,,,,,,,,,,,,,,,,,,,,,,,,,,,,,,,,,,,,,,,BALCO,
,,,,,,,,,,,,,,,,,,,,,,,,,,,,,,,,,,,,,,,,,,,,,,,,,,,,,,,,,,,,,,MOXSH,
,,,,,,,,,,,,,,,,,,,,,,,,,,,,,,,,,,,,,,,,,,,,,,,,,,,,,,,,,,,,,,SDREAMS,
,,,,,,,,,,,,,,,,,,,,,,,,,,,,,,,,,,,,,,,,,,,,,,,,,,,,,,,,,,,,,,LAMOSAIC,
,,,,,,,,,,,,,,,,,,,,,,,,,,,,,,,,,,,,,,,,,,,,,,,,,,,,,,,,,,,,,,IDEALTECHO,
,,,,,,,,,,,,,,,,,,,,,,,,,,,,,,,,,,,,,,,,,,,,,,,,,,,,,,,,,,,,,,KLL,
,,,,,,,,,,,,,,,,,,,,,,,,,,,,,,,,,,,,,,,,,,,,,,,,,,,,,,,,,,,,,,UTSSAV,
,,,,,,,,,,,,,,,,,,,,,,,,,,,,,,,,,,,,,,,,,,,,,,,,,,,,,,,,,,,,,,HOLMARC,
,,,,,,,,,,,,,,,,,,,,,,,,,,,,,,,,,,,,,,,,,,,,,,,,,,,,,,,,,,,,,,KONSTELEC,
,,,,,,,,,,,,,,,,,,,,,,,,,,,,,,,,,,,,,,,,,,,,,,,,,,,,,,,,,,,,,,FIDEL,
,,,,,,,,,,,,,,,,,,,,,,,,,,,,,,,,,,,,,,,,,,,,,,,,,,,,,,,,,,,,,,GANESHIN,
,,,,,,,,,,,,,,,,,,,,,,,,,,,,,,,,,,,,,,,,,,,,,,,,,,,,,,,,,,,,,,FALCONTECH,
,,,,,,,,,,,,,,,,,,,,,,,,,,,,,,,,,,,,,,,,,,,,,,,,,,,,,,,,,,,,,,LAKSHYA,
,,,,,,,,,,,,,,,,,,,,,,,,,,,,,,,,,,,,,,,,,,,,,,,,,,,,,,,,,,,,,,SSFL,
,,,,,,,,,,,,,,,,,,,,,,,,,,,,,,,,,,,,,,,,,,,,,,,,,,,,,,,,,,,,,,DIRL,
,,,,,,,,,,,,,,,,,,,,,,,,,,,,,,,,,,,,,,,,,,,,,,,,,,,,,,,,,,,,,,SONAMAC,
,,,,,,,,,,,,,,,,,,,,,,,,,,,,,,,,,,,,,,,,,,,,,,,,,,,,,,,,,,,,,,DCCL,
,,,,,,,,,,,,,,,,,,,,,,,,,,,,,,,,,,,,,,,,,,,,,,,,,,,,,,,,,,,,,,PHOGLOBAL,
,,,,,,,,,,,,,,,,,,,,,,,,,,,,,,,,,,,,,,,,,,,,,,,,,,,,,,,,,,,,,,MARCO,
,,,,,,,,,,,,,,,,,,,,,,,,,,,,,,,,,,,,,,,,,,,,,,,,,,,,,,,,,,,,,,KALANA,
,,,,,,,,,,,,,,,,,,,,,,,,,,,,,,,,,,,,,,,,,,,,,,,,,,,,,,,,,,,,,,SHUBHSHREE,
,,,,,,,,,,,,,,,,,,,,,,,,,,,,,,,,,,,,,,,,,,,,,,,,,,,,,,,,,,,,,,PELATRO,
,,,,,,,,,,,,,,,,,,,,,,,,,,,,,,,,,,,,,,,,,,,,,,,,,,,,,,,,,,,,,,CADSYS,
,,,,,,,,,,,,,,,,,,,,,,,,,,,,,,,,,,,,,,,,,,,,,,,,,,,,,,,,,,,,,,SYSTANGO,
,,,,,,,,,,,,,,,,,,,,,,,,,,,,,,,,,,,,,,,,,,,,,,,,,,,,,,,,,,,,,,TRUST,
,,,,,,,,,,,,,,,,,,,,,,,,,,,,,,,,,,,,,,,,,,,,,,,,,,,,,,,,,,,,,,SELLOWRAP,
,,,,,,,,,,,,,,,,,,,,,,,,,,,,,,,,,,,,,,,,,,,,,,,,,,,,,,,,,,,,,,MEDISTEP,
,,,,,,,,,,,,,,,,,,,,,,,,,,,,,,,,,,,,,,,,,,,,,,,,,,,,,,,,,,,,,,DIGIKORE,
,,,,,,,,,,,,,,,,,,,,,,,,,,,,,,,,,,,,,,,,,,,,,,,,,,,,,,,,,,,,,,ROCKINGDCE,
,,,,,,,,,,,,,,,,,,,,,,,,,,,,,,,,,,,,,,,,,,,,,,,,,,,,,,,,,,,,,,BAHETI,
,,,,,,,,,,,,,,,,,,,,,,,,,,,,,,,,,,,,,,,,,,,,,,,,,,,,,,,,,,,,,,QVCEL,
,,,,,,,,,,,,,,,,,,,,,,,,,,,,,,,,,,,,,,,,,,,,,,,,,,,,,,,,,,,,,,ARUNAYA,
,,,,,,,,,,,,,,,,,,,,,,,,,,,,,,,,,,,,,,,,,,,,,,,,,,,,,,,,,,,,,,JAYBEE,
,,,,,,,,,,,,,,,,,,,,,,,,,,,,,,,,,,,,,,,,,,,,,,,,,,,,,,,,,,,,,,CPS,
,,,,,,,,,,,,,,,,,,,,,,,,,,,,,,,,,,,,,,,,,,,,,,,,,,,,,,,,,,,,,,CHANDAN,
,,,,,,,,,,,,,,,,,,,,,,,,,,,,,,,,,,,,,,,,,,,,,,,,,,,,,,,,,,,,,,SATTVAENGG,
,,,,,,,,,,,,,,,,,,,,,,,,,,,,,,,,,,,,,,,,,,,,,,,,,,,,,,,,,,,,,,WHITEFORCE,
,,,,,,,,,,,,,,,,,,,,,,,,,,,,,,,,,,,,,,,,,,,,,,,,,,,,,,,,,,,,,,TECHD,
,,,,,,,,,,,,,,,,,,,,,,,,,,,,,,,,,,,,,,,,,,,,,,,,,,,,,,,,,,,,,,CLSL,
,,,,,,,,,,,,,,,,,,,,,,,,,,,,,,,,,,,,,,,,,,,,,,,,,,,,,,,,,,,,,,MICROPRO,
,,,,,,,,,,,,,,,,,,,,,,,,,,,,,,,,,,,,,,,,,,,,,,,,,,,,,,,,,,,,,,ARABIAN,
,,,,,,,,,,,,,,,,,,,,,,,,,,,,,,,,,,,,,,,,,,,,,,,,,,,,,,,,,,,,,,YCCL,
,,,,,,,,,,,,,,,,,,,,,,,,,,,,,,,,,,,,,,,,,,,,,,,,,,,,,,,,,,,,,,MAHICKRA,
,,,,,,,,,,,,,,,,,,,,,,,,,,,,,,,,,,,,,,,,,,,,,,,,,,,,,,,,,,,,,,HPTL,
,,,,,,,,,,,,,,,,,,,,,,,,,,,,,,,,,,,,,,,,,,,,,,,,,,,,,,,,,,,,,,SSEGL,
,,,,,,,,,,,,,,,,,,,,,,,,,,,,,,,,,,,,,,,,,,,,,,,,,,,,,,,,,,,,,,MDL,
,,,,,,,,,,,,,,,,,,,,,,,,,,,,,,,,,,,,,,,,,,,,,,,,,,,,,,,,,,,,,,TAURIAN,
,,,,,,,,,,,,,,,,,,,,,,,,,,,,,,,,,,,,,,,,,,,,,,,,,,,,,,,,,,,,,,NIDAN,
,,,,,,,,,,,,,,,,,,,,,,,,,,,,,,,,,,,,,,,,,,,,,,,,,,,,,,,,,,,,,,TIRUPATI,
,,,,,,,,,,,,,,,,,,,,,,,,,,,,,,,,,,,,,,,,,,,,,,,,,,,,,,,,,,,,,,VERITAAS,
,,,,,,,,,,,,,,,,,,,,,,,,,,,,,,,,,,,,,,,,,,,,,,,,,,,,,,,,,,,,,,URBAN,
,,,,,,,,,,,,,,,,,,,,,,,,,,,,,,,,,,,,,,,,,,,,,,,,,,,,,,,,,,,,,,KHFM,
,,,,,,,,,,,,,,,,,,,,,,,,,,,,,,,,,,,,,,,,,,,,,,,,,,,,,,,,,,,,,,TROM,
,,,,,,,,,,,,,,,,,,,,,,,,,,,,,,,,,,,,,,,,,,,,,,,,,,,,,,,,,,,,,,SERVICE,
,,,,,,,,,,,,,,,,,,,,,,,,,,,,,,,,,,,,,,,,,,,,,,,,,,,,,,,,,,,,,,TRANSWIND,
,,,,,,,,,,,,,,,,,,,,,,,,,,,,,,,,,,,,,,,,,,,,,,,,,,,,,,,,,,,,,,UCL,
,,,,,,,,,,,,,,,,,,,,,,,,,,,,,,,,,,,,,,,,,,,,,,,,,,,,,,,,,,,,,,SPUNWEB,
,,,,,,,,,,,,,,,,,,,,,,,,,,,,,,,,,,,,,,,,,,,,,,,,,,,,,,,,,,,,,,SMARTEN,
